sequence,label
TGGAAAAAGGTGTGTGCAGATGGGACCATGAATGTCTGGTTTTTTGTTCCCACAGCAAAGGCCATGTTTTGGTTTTGGTTTTTGGTTTTTTTTAAGGAAATCTATACTACATCGAATATGCTTTCTTTTGGGTGGACTTTAACCGTGCGAAGGCCCAGGGAATGAACAATGGAAAATCTTGTTGGTACAATTAGAAAGATACCTGAGCAGTCTGGGGCGGCTCAGTCGTGGGCCACACCTGAGTGGAGCAGAGCTCAGGGAGGAAGCAAACTGTCATATTGATGTGGCTCTAAACAACAACAGTTAACCCATTCCAGGTAGCACTTTGGGATTGACGCTGTTGTTGTTGTTTTTGCACAATGATACAACCAATACCCGCCTGATGTCAGAGAAGGGAACTCCGGGTTACCAGGGGATAAAACCATCCAGGGCACTTCACGGCAAGATTGTTCTGCGGTGCCAGGCAAGAGGAAACACAAGAGCCCCGTCCCAAACATATCTCTGTTGTTTAA,0
CAGAGCTTCGGTTGAGTCCCCCCTTCACTCCTAGCGCACTCGGGTTGCTCGGACAGATTCACCCGAAGCGAACTTCGGAGCCCGCCTCCTTATACAAGCCTGGGGGCTGAGATACAGTAAGCCTCCCATCAGGGTTAGTGAGGGTCCCTGTCTCGACTAGGAAAGCTGCAATTCTGCCTACCCTTGGGCCGCCATCCCCAAGCGAGCTGGCGAGCAGGGAACCGCTCCTTTCAGCTGGGTTGTCGAAGGGGGCGGGGCCTTACGGTCTGTAAATGATGTATAAAATTCATTCACCCCTCACTTCGGTGCTAACTTCTATTGTTTCTCTCCTTCCCCACCAGCCAGTGCCCCCCCTCTTTCCGGGAGCCTCGTGCCGGGTCCTAGAGGGGCAGAATCTGGAGAGGAGCAATGGTCACGTCGGGTCCTATCCCTCTGCCCCAATAGCCTCGGAATATAAGGCTCCACCGCACTCCCAGGCCAGTCCACACAGGGTCCGGAGGAACTCTGAATTT,0
TGGTTAGACCCCAGGTATCCTCCTCTGTGTGCTAGAAACACATTCCAACTGCTCCTTGCTATAGAGGTGGCATTCCTATCCCAATGCATCACAGGGGCGTATACTGTGATACCCTCGGGACACTGCTTAGAGGCCTTAAATATTGACTGCTGTCTGCCCTTTCAGCTTAGCCACAGCCCCGGAAATTAGGACTCAACTGTGTTAGGAGCACAATTATTTAATGGGTTGGTTGCTGCCTGGGCCTGGCCAGGGCTGACCAAGGTAGATGAGAGCCATTGAGAATCCATACTACTTTAACCTCACCGTTCCTCTGTGGAGTTCAACTGTCCTTGCCACTAGCTAGAGGATCTGTACCCAACAGAAAGTAACCCTTGGTGCAGGTAGACCTCATCCCAAAAGAGCAGCCAGGCTGTCCCGTCCACTTGTGCACGGTTCCCACCAAATTTCTAAGACCTGGGACAGAGCCTTTAAATAGGGGAACTCTGGTCACCCTGCCCCAATCTCTTTGCAGG,0
CTGGTCTTGAATTCCTACCCAGCCATAACAAGCCCACCTTGGCTTCCCGGTTCAGTTTTCAAAGAGGAGTGAGCCACCATGGGCTCAAGCAATCCTTATTTAGTAGTTTCTATACATGGTTGTTGCTGTTGCTTTGATATCATCCTTTGAAACTATATTTGGCACTCTTCAAACCTCAAGTGCTGGGATTACGAATAATGAAGCAGTTATGATAGTTAGATTTTATTTCCATCAAACTTAACATTTACCATAATGTTAATGTATCTGTATATATCATAAAAGATCTGGACACAGTCATTAATTACCTGTTGCTGAGAGGATATGTTAATGTACTATATCCTATACGTTACGTGCAAATGTTATAGTGCAGAATGTAGACTGAGCGTCCACGAGATAAGTTAAAATATGACAGTAATGGATCTGCAGGCTATTAATTTAGGTTGTAATTGAGTGACCTTTCAGGCAAAAGCTTCTTGTACTGCTCCTGCTACTGCTGATTCCAGGACACCTGT,0
CGTTGCAGGACGCGCGGCGGCGCCCGGGAGCGGCCCCGCTGCTCACAGACCGGGACTCCGCCTCCGGTTCCCGAGGGCGTCGGACGCGGGGGGTCAACGCCCAACAGGTGCGGCTGGAAGCCCCCCAGCCCGCGCTCCGGGTGGGGGGCCTGGCCGGGGGGCCGGCAGCCCGGGAATGTTGTGTCCCCAGGCGCCCCGGGGCAGGGCTAGTCAAGAACCTGGAACCTCCCGGGAGGGGCGAAGGGGGCGGGACGGTCCCTCCCTGGCGGCCAATGGAGACCGAGGCCCCGCGCCTGGATTGGAGGGCGAGGCGCTGCGGGGCCAGCCTTGGGGGCCGCGAGGCGGGCGCCGTCGGGGGGGCAGGCGAGCGGGGAGTTCCCTGCGCCGCGCGGTTATAAGGGGGCGGGGCCGGAGCACCGCGAGCCGGGAGGCGCACGCTCGCTCGTACGGCGGCCGCGGCGGCAGGGTGGCGGCCGCTGTGCGGGCGGCGGCGGAGGGCCGCCTCGACGCCG,0
CTTTGGGGTCTTTGGAAGTTTATGGGCGGGGCCGAATAACAAGGAACACTCCAGGACACGGCTTTGCCCCGATAGGTCGTAATCTCTAGCAGGTAACCTTTCAAAAAGACGCCGCATGAGCAGCTGTCCTCCCAAATAGCCCTTCCTTGATCTCAGCTGGCCGTCGGACGTCCCTCCCCCTCACCAACATGGATTCTCTTCTTTCCTGATTAGTACAAGTTAGTTGCCAAGCACTAAGATGAGTGAGCGGAAGTGGCGTCTCTTTCCCGTTCTATCCAATTCTATGCAGGCCTTCAGCTACATTATAACCCACAAACACCCTTTCCGGCTTCACAACCTGCGCCAAGATGGCAACTCTCATCAAGATGGTTAAAGATGGCGCCTGGCAGTTCTGAGTTTGTGAGTGACTGCTGACGGAGAGCGACACTTCCGCCGGGAGAGGGAGAACCCGCGGGCTGGAAGTGTTGTCGAAAGTGGCCATATGGAGATACCTAGGGAATGAAAAAATGCCC,0
GGACTCCTGGGTCTGATCATCCTCCCACTGCCGCCTGGACTCCTGGGTGGGGGTCTGGACTCCTTGGGGGGCTGGACTCCGAGCGCGGTATTACTGGGCACTGGGGGCCTGGTGGGTCTGAGGGAGGAGAGGAGGGACTGGGGGCCTGGACTCCTGGGTCTGAGGGCGGAGGGGCTGGCCACTGCGGCCATTGGGTCTGAAGGAGGAGCTGAGGGAGGAGGGGCGGTCCTGGACCCTCCAGAGAGGGAGGCCTGGGCTGGATGCCTGGACCCGAAGGTCTGAGGAAGAAAGGGGGTCCCTGATACCCAAGCCTCCATTTTGAGACTTGGGGTGGGGTCTGAGGGAGGAGGGGGCAAGGCCCTCCCCTCCAGAAAGAGATTACCACTGGCTGCTTAAGGGCGGGCTGAGGGGCTGGGTTTCCTGCTGAAAAAGACTCCTGGGTCTGAGGGCCACAGACGGGTCATTGGTATAAAGGACTTGCTGGCCCTCCTGGGGTCCCACCCTTTTCTGGG,0
GTCTGGGGCCGGTCCCACGGGATCTCAAGCCTCGTCTGTCACGCCCCCGAGCGAGTTAAGAACGGAGAGGAGGGGAAGACGGCCGAAGGGCGGGAGGGCCCAGAGAAACAACCCGGGCGAGAAAGGGCCCTGAGACCCAACTCAACTCAGTCCCCGGGACGCTCTGCAAGTCGTCCGGGTAAAAGCGCGACGTCGCGCTTTCCCAGCGGTCGGTATAAAGGGGTTCCAGCCGCCCGATGCGGACGAGTCGAGCTCTCCGATCCAGACACCTTCCCGCCGTCTCTGTGTCAGCGTTCCGCTGTTCAGGGTTCCACTCAGACAGACGATCCAATCCGCAGGGGCGGTACTCCCGTCTCCCCTCCCCCTACGTTCGAAATCGCCTCCGCTCCAAAGAGGTGGGCCACCCGAACCTCCCTTGAGGTCACCGGGAAGACCTCGTTGTTCAGGGGGACCTGAGCTGAAGGCATGACTGCGCCAGCCCAAGTCCCTGCGCCATCCAACTACGGGTGCCC,0
GGGGAGGTGTCCGAGGGGTCGGGCGCGCACCCCGAGCAGACCCCTGTGGCGCACACCTGCTCCTCGGGGCGGCAGGGGAGCGCCGCCGGGTGCCTCTTGTGCAGCCTCCCCCATTCCTCGCTCGGCCCGAGCAGGAAAGTCAGGCTCCCGCAAAGTTAAATGCCCTGCCGGCTGCTAGTTTATTCGCCTCAACCTGCGAGCGTGTGTGTGTGTCGGGGGTCCCTCCCCTCCTGGCTCTGGTGCCGTCCTGTGGGCGCGCCCCGTAGCGCGGCGAGCGCGGAGCCGCGGCAACCCCATCCAGCGGATCAGACCATGTGAGGCCGCGGGGAAGCATTAACGGCCGCGCCGGCGCAGTGACGCAAAAATTCCCCTCCCTGGCGAGCGCGGCGGCTATCTAGAGTTCAAGAGCTCTTTGGGCCCGCGGGTACAAATCCGCGCTCCGCTCCTCCCCTCCGCACAGCCAGTCAAGAGAAAGCGGCAGAGGGCGCGAGGCCAGCCCGCCTGCCCAGCCC,0
TTCAGCCTAGAGCTCTGTCTTAGGCCGGCGGGCCCTCCGGCTGAGGAACGCTCGGTGCAGCCGAAAAATTGCGGAAAGCAACTAACAAAGGAAAAAAATTCCACTGGTGCCCCCAACTCCCTAGATGTTGGACTAGAGAGTCTGAGAGCACAGGCTTTGACCAGCGCTTCCCGCGCGGACGCAGACCGCGGACCCGGGCGGGGGAAGGGGATTTAGAGGAAGCACCCTAAGACACCTGCTCGGCGCAGCCCCGAGCCCCCACCCACCTCCCCCTCTCCCCCAATCCCTGTCGTGGGCGGCTGAAAGTCCCGGCAAAAACCGGCGGGCCCCGGCTCCACGTGCTTTCTGCTGAGTGACTGAACTACATAGAGTGAGTGGGGCCGGGGGGCGGGGAGGAGGGAACAGAGGCCGGGAACCCGATAGTAACCTCTGCGTCGCCCGTTTAAGGATCTATAAAAGGAACTGTACCCTCCACCCCCACCGTAATTGCGAGCGATTGGCTGCCGGGAACG,0
GAAGGTATGAGCTCTCTATCTACCCCCTTTCTATTTCACTGTTTTTGACTATGGAAAACTTTACTACAAAAATGGCAAGATATCTATGATTAAAATTATTTGTTTTTAAGACCCTTTACTATATAGAAGTGAAAACAATTTAATTTGAAGGATTGCTTCTGACAGGCACAGAGAATTTCCAGGCCTAATTGAGACAGAAAGACTAGAATGCTGTTATCAAATCTCCTTTACTATAATGAATTTTGTTGCTATCTGGGCTTTACATAATCACATTCACACATGCCCACACATCATCCCACAACTATCAAAAAGATAAGCTTTCTGTCAACCTTAGTTGGCCTTTCTTTGCATGTAGAAACACATCCTTGATTAAAGTGGTTTTGACCATTTTTCCACGGTTTGTGAACTTAAAAAGACGCCTATAAAAGGAGTACGGAACTGCCACGGTTTGCGTGTGGAACCTGGGGTAAGGCAAGGTTAGAGTCGGGAACATGTTGCTGGTAGGCTGCTGG,0
GAATAACACATGCTTCCGTGCTTGTATGTAAGAACTCAGTAGTAATAAGACTGGAAGGACAGCCGGAGGTTGGAAAGGAAGGCGAGGCTCAGGAGTTCCTGAAAGCACCTACTTGGTAGTTGCAGCTGTGACAGCAGAGAACTCAAGTCTTCCCAGTACTCAAAAAACATTCCTTTCTTTCTTTCTTTCTTTTTTCTAACTCTACAAAACAGGAACTGTCAGGGTTGAGGTTGGAGGTCCTGTGTAAGTTGCATGACCAGAGCCTTTTCTTTCAGCCAAGGCAGCTGCCTTTTCTTTTCTTTTTTACTGTTAATACAACATTTTTTTTTTTTTTTTTCTGACTCAAGTTCTGTGGCTGGCCAGAACCCTTTTTTTTTTTTTTTTATCTTAGTTTCCGCACTTTTTTTTGGTAATCTCCACTTCAGGCTTCCGCCAGCCCGAGTTTCCCGGGAATAAAACGTGCCCGCAGTTCCTCGGTGTCATTGGCCACAGAGACACACACAAAGCCACCA,0
AGCAACCTTCATGAGGGGGGAGACCGCAGCCCTTCAATTTCACTTCTTAGTATTGCATTCCTGGGTGTTCTGTTTCTTAACCAAGCAATACCTGCATTTAAAATACAACTGTCAAATGTCCAAGGACAACAAGAATTTGCTCTAACTCCGCCTCCAGGGATCAGCCCCTTTGTGAGAGAAGTCACTGCCTCCCCCCAGAGGTGACTAACTAAAGAGATTTCCAAATGGGCAGGCACTCCCACTCTGATCATTGCCAACAAAGATACCCAGAGAGTGCAAAGTCACAGTCAATGATTAAATAGCAGTGATTCTGTTTGCATGCATTGCTAACTAGTGAAGTATACCAGATGGAAATGTCTTCGAAGCTGATCTCCTAGAGGGAAAGCAAGCTACCAGGCAAGGAGCCAACTGGCTGGGGTTCCTTATTAAATATAAGCACTTTATGCTTGTCGGGGCTCAATACCTGTCTTTCATAGCTACACTGAGGATTCTTCCCTCCCTTTAAAACTCGA,0
CCGGGGTCGGAGCTGCTTTCCGGGAGCTCACGGCTTGAGGAGGATCTGTCCACCGCCGGGCCTGGTCCTGGCCACCAGGTCCCCGCGCCGCAGCTGGGAGCCCTGTGTCAGACGCGGCGCTTTAAGAGGTAGCCCTGCTCTCCGCGGACCGCCCCTGTGCCTCACCCCACCCTGCCGGATGGGGGTGGTACTCCCTGGCGCCCCTGGCGCCCGGGACCCGCCCTGGCTGGAGCCCTGCGGGGCTGGAGGGGCCTCGGTCGGCTCTGCGCCCCGGGTCCCTGCCCCTGCGGCCTGGGCCAGGGACGTGAGGGGTCGGGTGCGCGGCCTCGGGGCGCTGCCCCAGCCGCCCAGACGTGCACTGCGCGGCTGCGGGAGCAGCCCCATGGCACCAGCAGCACCAGGGCTGGGGCGGGACTTCGCCCGACGGCGCCCCCAAGCCGCAGGGAGCACGGCCTGGCAGCCCACGCGGCGGTGAAGGCTCCGGCGAGACCAGCCTGGAGGGCGGGGGCTCA,0
ATAATGCAGAGAAGATAGGTTAAATAGGGGTTAGAATGTGGGGACAGTCGCCTACTGTTCCTGGCTGCTTCCCTTCCTGGGCTTGGAGAGGGGGCGGGAATTCCTGAGGATGACAACCCACTAAGCCAGCTCACTGGTAGAAGTGAGAAGCGCTTTCTTTGACTAGTGTAGCTTGGTACAGCTGTGCCTCCCAAAAAGCCTTATAGCCACCCAAGGGAGTTGTGTTTGAGGCTCCTAGACCAGACCATGACCCAGAGAGGAAAATCTTAGGCGGCCTAAAGGGGCTGGGTCATTGCAACATGAGAAAGGCACTCTCCCAGAAGTCAGCCCCAGCCCAGGAGCTGAAAGATGGGTGCTAATCCCCAGCATTTCCTAGGATGAGACAGGGATTGGCTGAGGAGGGAATATCAGAGACTTCATCACCTCACCCAACCTCCCTCCCATGAGGGAGATATGATGCTCAGTCACCTAGTCCCTACTCGCGAGCACCCTGAACCAGACCACTCAGGAGG,0
TTTTAATCGCCAGGTAAGTCCAGTGACTATTTTGTCCCGAAGAGCCTTAGAAAAAAATGCAGAGTCTCCGAGGCAGTTCTTAAGATCACATGTTCTAAAGAACCACATAACTCCCCTCTCTACACTGGCCCACACACACACACAATGATTGGATCTCATTTATCTCAAAATAATTTTAAGCTGTCAAAACAGGATAAATATGTATAGGATTCCTGAGACAGGAGTCAGTGCACTGAGCATCTCCTGAAAACTGCAGGAATGTTTAAAATATCAAATAAGGTCGAAGTTAATAATTTGTACTCTACTGTTAGTGGTTTAAAGCCAGGGAGAACCAAATATGTTCCTCAATTCATAAAAACATGACTCAGGTTGAGAAATTTCTATGCCGGTAATGAAGGAATGCAATTATGTAAGAACCCAATTGGTCATTCCAATAATAGGGGGAAATGAGCATCTTTAAAAGGAAGTTATCTGGACTCAAGAGGGTCACAGCACCGCAATTTAAATAACAC,0
ATTTCATTAAAATGCATGAGCTCTCCCAGCTTATATAGGGCAGGGCTTCTGCAGGGCCTGCTCCTAAGCTCCCAGTGCCTTAAAATGCTCTTAGAGGAGAAGAGCTGTGTGTGAGGTGCTGTCTTTAAGTGAGTACTCTGGGCTAGGTTTATAAAGTCAGGAAGCTGAGGGCCCCAGGGACTGCACTTTGAGCCTGAAGGCTCCCCATCTGGCCTCCACCCTGGTGCTGTGCTTTGCTGAGATTCTAATTCAGCAGCTGCCCCCCACCTCCAGGAAACAAGATACTATACCTCTCTCCCTCCAGACTCGTCTCTGGTAAAGAGGTTTAGATCTTCCGGTTGGGGTAAGTGGCGCCCTCCTGTTGGCAGCCCTCTCGTGGGCAGGAGTATCTGAGCTTGCCTGTGGCAGCATCTAAAGATAGTCTCCCTTACATAATGAGAGCTGACTGTGGCTAACTCTGCAAACTCCGCAGTCTTCCCTGGAAGGAAAGGGAAATGCCCCAGTGTGGTCCA,0
CCAGGGAATCAAGTGCGAGGAAACAGGGGACCAAACTTTGGGAAATCTAGGCTGTCAGTCATCTATGGTCTGTTCAGGAGGGGGAAAAACCAGAGCATGGCCCCCTTCTCCCCAAGCTCAGCCAGACTATCAGCACTTGGCCCCAATTTTGGGGAACAGATGAGAGGCGAGGTTAGTCCAGCACTTGTACAGCAGGAAAGGCGGCTAGTAGGAACAGGGGAGAGCACAGCTCTGAGTCAACACCCCTGGGCAAGGTCGGCTCAGACTGCTCTGGGAGGAGAGAGCTTCGCCCTTTCCCAGGGCTCCGGTAATTGACACTAACATGTAGGCTTATCTGGGGCAGGAGATTGCTCTCACTTTAGTCCCTTGCTCTCCAGCAGCCCACTGGACACCCAGGAGGTTTCTAGTCAGGGGCATCTTCATAAATGTTCCATTGCAAACGTACCTAGGCTCACTCTGGCAGGAGAACAGAGACCAGACTGCACCTGCTACCAGTGAGGACCCAGGGTGGT,0
CCCCCCCTCCTTCTCCATCAGCGCCGACCTCGTTTCAGGACGGCGCGCCGCCGGAAATACCCTCCGCTCAGTTACTTAGCGAAATAATTTTTTAGGCACCCCAGGTGGAGCCCAATCAGTGCCGGCGCACCGCGTCCCCCACCATACTTTCAGCGGCGCACCTTCGCAGGCCTAACCAGCAACAACAGAGCCTGCAAGGAAGTTTCCAAAAGAAGGAAGAGAAGTTTCTTCAACTCAAATAACCTCGGCGCTAAGCTTTCTTATATTTTCCTCTGTGCGGCGCACGCGCGCATAGAGGAGAAGGTCATCCGCCTGATAATAGCCTTTCTTACGGCTGTGAGGGGTGATAAGTTCAGTTGAAAAGCCTAGAGCTTTCGAGGAAGGGTTGGGCGCGGCGAACAACTGCCTCTCGGGAGCGGAGACGGCGTCTACCATAAATTTGCGCTCCGACGCAACACTCGTTGTAGGGGCGGTTGGCTTGCCAGCCCGGAGCATTATGAGGAATTTGGGGC,0
CAAGATTCCTGTCACATCCGGCTTCACAAATAAGAACACTAGAAGCTTCCAAATAGCCCTTGTTGTGACTGCTGACGCGATTCAAAAAGACGCCCTCCAATTCTATGCATGCTGGGGTCTTTGGATGACTCTAGCAGGTAACCTCTCTTTCCCGTTCTTGGCGCCAAGATGGCCTCCTCTTCTTTCCTGGAAAAAGATGGCGCCTCCGCGGGCTGGAAGTGCGCTGATCTCAGCTGGATTTCGGACGTCCCTCCCTTGAAAAAATGCCCTGCTCTCATCAAGATGGAGAGTACAAGTTAGTCGTCTTCAGCTACATTCTCTCGAAAGTGGCCAGGCATAACAAGGAACATATCAGGACACGGCTTCTTAGTTCTGAGTTTGAGTACCCACAAACACCAACGAAGGTGTGAGCCTTTTGAGCGGAAGTGGGGCCAAGCACTAAGATATTTTATGGGCGGGGCGAGCCCGATAGGTCGTAATCTCACCAACATGGCCGAGCGACACTTCCGCCC,0
TTTGTACTGTGCAATTGGTGTTTATTTCATCCTAGATATGTGGAATGCTTCTGTGTCTCCCAGATCTGATTTTCTATTGGATGCCACCTTCTGTTTAATAGATCTAAGTTGACACACGATGTATGTCAACTCGCTGTGATTCTATCCCTTTCTGGACTGCAGTTTATTGATTTCATTCCAGGAAATAGAGGAGAAGTCTTCCCTAATCTTTCTTCTCCATGGAGATCATTTTCTCCTCTGTAAATACAGCACACCCTTTATCTCTCTTCTGTTAACCAAAACAGGAAATGTCTCATGTTACAGCTCTTCAAGTCCAACAATGGGTGCCCAGTTCATCCTCCCATGGATGGCTGCAACCAGCCCAACCCTTGTCAAATCAAACCAATTATACCATAGACTCTGAGCTCTAAGCAGCATATTTAACTGGCTCATCTCTGACTTGGATGAATAAATACGAATGAAACTTACAAGTCTCATTTCTGTAACCTGGCCTGCATTCTCCTGTGGGGACA,0
TCAGCAATGTAACCTCTGTATGCTAAAGTAAAATAACTGGTTGAAATACTGTTTTCACCTCATGCAAACCTGATGATATAATGACTTCCCCTTTGGAATATCTATAAAACTGTTTTAAATGTGAAACATTTATGGAACAAAAATTCAAAACTCGTGGCATTGAGTCTTTTTGAAAAGTAGCAAAGAAAAAACACAGTTCCCTTTATTCTTTAGAGTGGCAATTTCATATTATTTAACTTCTTCTGATCCTTTTAGCCTAACGTGATAAGGAATTTTATTTTGCTCTGCAACCTCAGCTTTTATATATATAAGAGGACCCAAAAACTATGAACTCAATTTTATCTTTTAGATATTTCCAAATAGCAGATTTTTACAGTATTGTCAAGCAGTTCTGAGATTATCAGGAAGAGATAGACGGAGTTACATCAGGACCTTTGTTTTCCATATCCCATAATGATGCTGCCTGCTGACAAGATCACAATTGGTAAGGTTTTGCTGTGAGACTTTCCAGG,0
CACACACACCCTCTCCTGACCAGCCCTCCTCGCCCAGCAGAAACTTCGCGGAGCCCCCCGGAGCGCCCGGGCCCCGGCGGTGCCCCCCACTCCCGCCGTTCCCGCCAGTACCCTGTTTGTTGTTTAAACGCGGGGTGCCCTGCGCACGCGGGGCTAGGCGAGCCCGCGCCCTGCTCGCGCCTCGCCCGCGCTCAGCGGCCAGGCTTCTGCTCACTGTGGGGGCGGAAATCCTAGGGCGGGCCCCAGCAACGGCTCAGGGGAGGGGGCGCAGCATTCTCAACGCAAAACCAAGCGCGTGAGGGGCGACTGGGGCAAAACAACAGACCCAGAAAGTAGGCATAAAAAAGGCCAAGATTACCCTTCATTGGCAGAATTCCCTTCCAGCCCACCCTCCAGATTTTGGTCGCGAGGCCGCTGAAAACTCTGGCTGTGCACTCATGCCTGGCAATTCTGCTCCCCCGGGTCTCCTCCCTTGCTCCCTGCGCGCGGGCTTGCACGAGCGGCGGCATCTA,0
TACCTGAGGCTCCTCCGGCCAGCCCCGCCCCAGTTGAGAGGCTGGAGTCCATTGGCCTGGCAGGTGGGTGGGTGGGCCTGGTGGCTGATTACTGAGTTCTCTGAGGAACTGGCACAGGGGGTACCTCCCTTAGGCCCTTTGGTTGGCTTGGGCCACTGTGTTTCCCCCATTGGTTGAGACTATTAGTCCAGGGTTACTTCCTGGTCTGTGCAGGGAAGCTGGCCCCCGCCGCTCTGTCAGTCCGCCTACGGAGAGGAGCTCCAGGTGGCTCCCTCTTCCTCAGCCAGGGGCGGCCCTGGACCAGTTCCCCTACCCAATACACTCCCGCTTTGGGGCGGGTCCCTCAGCGCCCGCTGTGGGCGGTCTCGCAGGCGGGCCTGCTGTCCTGTCCTTTTCCTGGCTTGAGCTCCAGGTGGGTTTGTCCCTGCAGTGGCTGTTAGGGATTTTCCAGGATCGAGGAGGAATCCTCTCCCGGGGGAACGGTTCTTCCTCACCTCCTTCCCCCGGGGCAG,0
GACACAGTCATTACTTGCGCGCCGACGTCCCCGGTCCCAGGAGGTGGGATAAATGTTCCTGGCCTCGGTTCTCTCAAAGGACAGGCCGGAAAGGTGCTCGGTTTGTTTTCCCTGCTGGTCCCGGCCTTCACCACGGTATTTAGACGGAAGTTTGTTCTTGCTATTTGGGGGTGCAGAGGGTTGGGAGTTACTTCCCCCATCTTTCCCTCCGGAGGCAGACGGTCTGGAAATTTGGAGATTTTGGGGAAGGAGAGATGATGGCCAGAAATCCTTCAATCCTCCTGCTCCTGGGGCTGAAACCGCCGGACGTGCGCGGGTGACGGGCGTGAACGTCCTGTCCCCGCCCCCCTCCCCGCGCCGGTCTCCCCCGGCTTCCCTCCTCCCCCTCCTCCGCGTCCCCGGGCCCGCTCGCCGCGTGCTCTCCCATTGGCCGAGCCGGCGGCCGGGCCGCCCCGGGATTTAAATCTCACTTCCAAGGCTCCGCTCTGGGAGCCGCATCTGTGAAACGGGGA,0
CTTTTGAGTCTTAATGACTGTAGTTTGGATAGATCCCTAAATTAGATAGACTACTGCTTGTTTTTCTTATTGTAGATAATTCACTCAGTTTTAGCTACGTTTGTTTTGGAAATAAATTTTCCTTTACACAAATCATTTGTGGTGCAGTGGGAGTGGTGGGGTGAGCAGCTGTGGGAAGAATTGAAGTCCTGTCAGTGCAGGTGTGTGTTTGTGATAAAATCATTTTGTCCCAGACTACTGCTAATTTGAATCAGCTCTGTTTTCAGTTTGCCTAAAACCAGTCACTGCAAGCGTCATAGAATTGCCATTTAAAAAAAAAAATGCTCTTCCCACATGCAGAAGATTCTTCCATATGCCTCATTTCTTTCTCTTGCTTTTCATCATTGTCCATATCAGGTCACTTTCAGAAGTGGAGCGGAAGTGCAGTTTTCCTTTTCAGTCAGGCACAGTTCAGTACTCTAAAATATAGCTTTAGACTCAAGATAGATTTCCATTGAAAGGCCAGTGTGACA,0
TCCTTCCCCTTCTAGGGCCCCCTTCGCCGGAGTGGGCACTCCATCGGGGCAACGGTTGCGACGGGCATCATAAATACGACGGTTCTCGGACCCTGAAGTGTGAACTTCTGCAAACGGCTCAAGCGCCTAGCACCCGGGGCCAGAAGTCCTCTGGCGCCGGCGGTGGAAGGCACGCAAAAGGGCGAACCGAGACGACTCCAGGACGCTGTTCTGCACCGAGTTCTACCCGGCCCCGCCCTGCCCCGCCCTGTCCCGGCCGGCTTTCCAGTACTTACCCTTCAAATCGCGCTCCCAGCCCCTCTCGCATTCCGAGCTCGCGGCTCCGCCGCTAGACTCCTGCTCCGGAGGGCACTTTCCCCGGAAGGCCCTCGTGATAGCTGAGACAGGCCAATGGGCTAGGGCGTAAGCCAGGCGTGTTGGATTTTGAAGGAGCCAATAGGCGCTCGGAGCGGAGAGTTTAAGAGAGGCAGCGCAGGCCCCTTAAAGCCGGTCGGAATCTCGTGTAGGATTTA,0
TTACCTAAGAATTCCACTACCAGGGCTGTCAGCGACTTGTTTCTCTTGCCCTGAAAATAAACTTGAACCAATGTTGTTTGTCACGACAAATGATTTTTGTCTTGAGTATTTTACAGCGTGGCTCACCCATTTACATACCTGCACCAAGTGGATTATTTCCTGATCCCTGGAGACCATGCAAGCTGTGGGAGGTTGGGGGCAGGGTGGGTTGCTGTGGTGATGCAGAGCTGTCTGGGGTGAGGGTTTGGAAGGTACATGCCTGCCTTACACCGGACAGGATTTCTAGGGCTCATCACCAACATTAACCCATCAGGGCAGGGAATTCTTGGCAGCTTTGGTTGGACTTGAATTTGGAGAGAGGGAGGCAGGTCCTCATCTTTCATTAGGTGACAAGGCTTCACCTGGGTGAGCCACCACTTGCATCTGGGCTAAGAGAGCTGATGACCTGTCCACCTATAAAAATTTTTTACATTAATAAATAGGGACCTAGATTTGTAAATCCCCAGGCTGGG,0
TTTAAATATGGCATTGTAACAGCCAACTTCTTCTGTCCTTTGTTCAAAACCAAACAAGGAGAAACCTCTAACATGTGGAATCCTGGTAGGGACACCTTTTCTAATTAACCATTCCACCAACATACCAGCTACGAAGACATAATCCTATTATTTGTAAACAAAATTGCAGGCAGAACCGCATCCTGCTATCTATAGCTTCAGAAATCTAGACTGATATATGTAAAGTGACAAATGACAACTTGAAGTCCACTTGTCCCATTGCATCACCACTCGACAGGGATTGTGACAATGGAAGCATGGAGTTAACCATGTGAATCTACCTACCACCCACAAGGCCGGCCTCAGGAATGGGCCTAGCATGGTAGAGAACCCAAGCCTTTCAGTTAAGCAAATACCCTCACTCTACAGCTGGTTCCTGCCAGCCTATGAGCTCTCCATTATCCAAAAGAGCTGTGAAGTCCTCATAGAATTCTATCAATTGCAACTTTCAAGCTGAAAACTTCCAGGATGCT,0
GCCCTGGGCTCCTCCGGGAGGGCTGTGCGTGGGCATGAGCTCCCCTCCGGTGGGGATGTCACAGATTCTTCACTCCTCAGCAGCTGTGGGATCCTGAGGAGACTCCAGGATTGTGAAGCAGGCTTGAGACTGTCACCAGGAGGCCTCTCAGGTAGGCAACCAGAGCTCCCCATCAGCGCATCCATCGGAGGGGGAAGCACAGGGAAGGGCTGGTGTGGCTGAGAGCTGAACAGAGTCCAGGGGGGAAGGGAACAGCAATGGATTGATGGGGATGTGTATGTGTCATGGGTCTGATGGCAGAGCCCTTCTGCCTGCCTCCTCAGGAAGGCTTGCAGGTTCTGCTGTTTGGTTGCTGAAGGGGGTCAGTGTGGGGTCTGCCTCGTCAGGTGGGCAGGGAAGGAGTCGGTAGGAGCTTGGGGAGAGGATATATATGCAAAAAGGTTGCTCAAAGCGGAACCGAGCCTTTTTTTTCTGACTTGCAGCCGGGGACTGACAGTCCTCACAGAGCCTCT,0
TGTTGGATGCACAAGTAGGAGTTATGTTTTAAAAATACTTAATTTTAAATACTAATTGATGAATCATATGGTATTTGAATAACAGGGTACTTGCAATTTACAAGATATTCCTTCTGAAGTGGACTTCAAAAACGCTATTTGCATATCAAACATCCTTGAGCTCTTACTCTGTGTCATATACTTCAACAAAGTCTCTCACTTGCCACTAGATGCTCCTATAATATAAAATAGGTTACATAAAGGGCCCTGCAGGACTGGTCATTAATCTTAGGTGTACGATCACTTCATTAAACATAAAAGAAACCTGTGAATTTACAAGGTAAATATGAAGTAATCAAACTTTGTCTCCTTGTCATCCATGTACTCAGTGGATGACAGCGAATAATTTACTTTGGATTGACTGTATATAAGTATGACTTGATTGATTTATCTTTCTTGACACTATTATGAAAGAAACAGTGACTTGAAAAGAATGATTGCATTGCACCAGGATGGCTGAACCACGATATTCA,0
ATAAGAGAATGCATGTGCTGTTGAAATCTACCGGCTTAGAATGTAGAAAAAAAGTCCTTTGTTTTATTGCCAATTTTATTCCCCAGAGGAACAGGACAGCCATGACCTCAGAACCAGGATTTGTAAAAACAATTGTGCTTCAGATCTTTCAATTTCTACCGTGGTGAGATGGAGGCCAAATTGGAATCCTGGTCATTTCTTAAATGGATTTCTGGAAAAGAGGGCATGAGCTTTGGCTGGCTCCCTCATCCTCCCACTCCTCTCAGCAAAGACCCACCCCCTTGTAATGATAACAGAAGTACAAAAGAACCATCCCGGGTTCCTCCTGAGATCCTACCACACTGACAGTGTTCACCCGGATATGGGTATTTACTTATGACTAAGTTTGTATCAAACCAGGAAAATGGTTAACATAGCATTCCAGTAGTTTTGGCAAGAAGGGGAAGAGCACCCAGCCCTTCCCCATAATAGTCAGGGCTGTCCCAGTAAACCCTGCCCAATTAGCAAGTCCT,0
CCTGCGCTCAGCTGCTCCTGCCAGCCACCCCGGAATGTGACCCCAGGCGGGACTTCGAGACTAGGAGGAGGAGGGAGGGACAGCTGCCAGACACGGGGCTGCAGAAGGGAGGAAACCGCATGCAGGTCAGGCCTGGAGGTGGCTCTGGCAAACAGGACGGTTGTGGGCAAACAGAAGTGGCAGTGCTCAGCATAAGGCGTTAAAGAGCTCCAGGCCAAGACCTCTGGCTTCCAGGAAGGTCTGAGAGCGAGACAAGGGTTGGGGACTTGGGATCAGCCCTCCACCCAACCGAGCCCTCTCCTGCTGTCTTCCTCAGAGCCTAATTTTGGGTTCTGTGGTTGAACACAGTTAGACAGGACAAACACACCGAGTCACGGGAAGAAGGCCACTCCTATTTTGTGGGGGCAGCTGGCATGCACTGGGACTGGTGAGGTGGTCTTTTTGTGGAGCATCCGACAGGAGCCACTGCTTATAAAGATTATTTCCAGGACTCTACTGTTTGTCTGTCCTGA,0
TAGAGACGGGGTTTCGAAAATAAATGATTAACGGTCTCGAATTCCTGAGAGCAGATAAACAGTATGCCTTAGCCTCCCAATTTAAGATAGGAAACTGCATGAGCCACCAGGCTTAGCTTTCCATAAGTTTATTTTTTAATATAAAAAGAGTTTCCATGTTGTTGAAATATTCTTTTTTCTGCCTACTCACCTACATAGAACCTAGCAACCAGCCCCTAAATACAAGGGCTGGAGCACCTGCCATGTTGGGCAGCCTAACAACAATTAAGCAGATGTGTCTTAAATCAATTTATGGGTAATCAACCAGATTTGCTTTTACACATCAGCTTTTTCAAAAAAATTGTATGGATACATTAGTTGGCTACTTTAGTGCTGGGATTAGAGCATACAACTGGGGATTAGGTTAATGGTTCTACTTATTTTGTGCAATAATATAAATACAGTATCTATGACTGATAACTAAGAGATTACATTTCTTTCCAAGTCATGCTGTATCCCTCAAGTGATCTGCC,0
GAGAGCCAGCCTGCACTGATTGCTGTCTCGCGAAGAAAAATTAAATAAGCGACTCTGTGCTTGACCCCTCAAATGTGTGAGGGTTTAAACTGTCCTTGACTGAAGCTTGCGGAAGATTTTTTTTTTTTTTAAAAACTTAAGTTGCCGGGAGTAACTGCTGCTACCATTCCAGGGAAAGGCAGCCTCTCTCACAAGGATGTACACAAAGCTACCATTTAAAATCATTACCACAAGACATGCTATAAAGTCCCTGGGGCACCTTTATCTTAGGAAGTCAGGGGGAAACGCTAACTCGAATCCTTCAAAAAAACGTAGTCTTCCAGCAGCAACAGAAAAGGTGAAAATAAAGCAATTCAGGGTTAACATCAATGCGCCCCTGGCAGCGGCTTTGGCCAATCAGGTTTTAACTGAAGCACTATAATATAGTGCTAAGAAGACAAGCTTGTGCAAGCTCTCCAGGCTTGCAGCTGGGCAGCTGTGGACTCTTTTTGTCTTTGCTCCTCCCTCCCGCC,0
CGCCTGTCACAAGTTCTTGTCCAAAACTGAGGTCTGCCTCCTGGGGCTCAGGACCAAGTAGAGAAAGGGGCAGGCACAGAAGAGTATCATCACCATTGATCATTGTCCTCCTGCCATCCCAGGCCTCCCAGGTGGACTTCAGTGAGCAGCTTCCCCCTTTACGGATCAACCACAAGCTTGAATTTTAATAATTTACCCTCCAAGCCTCTATCTGTGCCTCGTTGGACCAACCATCCTGGTAGTGAGTTCTCACGAGGTTTTCCTGGCACAGTGCAGTTTCCCCCATGCTGGTGAGTCACTGATAATCTTGGAGAATGTCCCCCCACCAAATCTCACCCCAGGCAAACTGGGACCCTAGGTGTCAAGAGCCTCCTGCCGCCCTGTTAATTGAATAATGGTGTAGTTTGACTCTGTGTTGTTCTCATGATAGTGGGAGACACTTACTATAATCTGATGGTTTTATAAGTTTACCTTTAGGGTGCTCAGTATCACTCTCGTTATGAGGGCTGAAG,0
CAGAGGCTGGTCTGACCCACTGCCTGGCTAGTAGTCTTCCTATCCTTCTCTCCGGCCTTGCCCCCTCGGTAAAAACGGCGCGGGTCCTTTGCTCTCTGGGTAACTAGGGTCCTCACTGGCACCATTAAGGTGCTTTTCGCGTCTGAAGGCTCGGAAGCCCTGAATGAAGTCTGGCTCGAATCTCGCTCTCCCGGAGGAGCCTCAACCTCGGGTCCCGCCTCGGGCTGCAGCACTCCTGCCCCCACCCGCGGGGAAGGTCGCCAGGCCCTGAAGCGTGGGCCCCGCCCCAGTCGCGCCTGCGCACAGTCGTCTATGGTTCTGGAGGCAAGGGACGGAGAACGGGGCGGAGGCGGAGTCAGGGCGCCCGCAGCCCCTCCCGCTCACCTTATGTCGGGTATAAATCCAGCCCCGGCTGGAGTTTCCCTAGTCCTCCCCCAACGCCGGCATTGTCACCATGTCGTGCGGGCCCTGTGGAGCCGCCGGGTACTGGGATATTCGTGGGGTGAGTGCCG,0
CGGTCGCCCTCTTACCACGTCCGGCCTGCTCCTGGGGTTTTGCCCACCGGCTCGAAGGTGGGGCACCGGGGACGGGGCAGGGCCACCCTTTCACTACTCCTCCCAGTGGACATCCTCCCCTTCCTCCCGGCCCATTCTCCAGCCCCTCTGTCCCTGTCCCCCTTCCTCCCCTTCCTTGGAGCTTCCCCTCGCCTCCCCTTCCTCCCCTCTTTTGAATCCGCCAACTTCCTCCTCTTCCTGCTCCTGGCTCCTTCCGACGAGTTTGGTTTGAACCCCTTCCTCCCCTTCTCAGCGCCGCGCGCCCCCACTCCGCGGGTGCGGCCGGGCGCAGGCCAGCCAGAGCCCTTCCTGCCGCAGCGGCACGGGGCTGACGCCCCCGCACCCCCTCCCGACACGTGGCCTTGGTAGTCTGTTAGAAGGCCCTTCGGGGCCCCGTCCCTTCGCCTCCCTTCTCCCCCGGACTCGGGGTCTGGGGCCCGCTGGGAGATCCTTGTTGCGGGGACCGGGTATAT,0
GGGGACTAGACCCACCGGCCACCCCACAGGTTTGCTCGCCACGTTCCCAGAACGCTCGGTGAGACCCGTAAGAGGGGGGGAAAAAGAGAAGAGGCGGTTCCAAGAGCTTTCCCCTTTCGGCGCAGCTCCCGCTGGGTCACTGTACGGGTGACGCGCCCGGCCTCGCGGGCCCAGGCTGCAGTGCTCCTGGGCTGGGAACCCTAGGACTGGACGGCTGCGGCGCGCATGCCCCACCAGCCGAGAAAAGGGCTCCAGACAGGCTCGCTGAGTGGGGGGGGGGGCAAGACTAGATTCCACGAGCGCCCGTTCACACACAGCTCACCAACACCCACAAGGGTGGCAGCGGCCGAGACTCCCGACCCGTGCGCGGGAAGCCGCGCTAGCAGGTAACGGCGGGGCGCTCGAGCCCTTCCCGCAGGGCGGGACTTCCGGTGGCTCAAGCATTTTTGTTCGGCTACAAAAGACCCCGCGCCGTTGCCCCCGGGCGGAACTTTCCGAGACTTCCGCACTCT,0
ACTAAGCTCCCGGTGAGCGCAAGGTTGGTGGGAGACCCAGGTTGTGGGGCGACTCTTTCCCAGGGGACTCCGAGGATTTCGTGCCGGCGGCTTCACGCTGTTGTCCTCCTCAGCGCCCCACTACATGGAGTGCTCATGGCCGTTCGGGCGGCCGCCTGGCATCTGCGGCAGCGGAGCCCGTTCCCTTCCATCTGCTGTCTCACTCTCGTTCTCGCAATCGCTGCGCGAGAGCAGGGCTCCAGGCATTCGGCCACGCGGGGTTCCTATTGGACAAGGGGAATTTGCGCTGCATTCTGGGTTTTGTGTTACCCCCGGTTGTACGAGCTGCCACTAGGATCCGCCATCTTGAGTTAAACTGACTACAATACCTTCCCCGCACCCCAGACGGCTCCGGTCGGATCCAGGAATCACGAGGGTGATACCCGGAAGCCTAGTTTTTCTGGCGAAGTTTGAGGAAAGAAGGGTAAGAGGCGGGGCCACACCGACCCTTGGGAACAGGCTGGACGGGAATT,0
CTGGGGATATGAGACCACATGACCCTGGCTGGACTCCTGCCACCTGTGATCCCTCTTTTCCAGACAACTTCAAATCAAGCAAGGACTACGACAGCCTAGAGCTAATACCGGGCGACAGAACAGCATCTTAGATTTGGTATTACCGGAAACCAAATGGAGCTGAAAAGAAATAGGAAGGTGACTTGCCAAAGGTCTTGCAGCTAGAAAGAATGAAAGGAAAGCAATCACGCTTGACATTCTGGCAGGGGTTACCAACCTGCAACGATGGAGGAGTCCCTCATCCTGAAGTCTCCCCAAGGTCAAATTCCCAAGTAACAGAGCAGCCAGGAAGGCCAAAGAGTGGCCCTTTAAGGGGATCTGTGAGAGTCATTGGGCCAGGTATTTCCACGGTGCCTGTGGGCCCCATCAGATGATGTAGCCCAGGTGTGGGTCAAACACTGAGCAGAGTTTCAGTTTTGGCAGCACTATATCCTCTACCTGCAGTAGCTCCTAGAGAGCGTCCAGTGCCCTGC,0
GCATAATGGCCCTGAATATGTCCTCAACTGTCTAGCTTCAGTACCATCAAAAGCAAACTTCACCCATGATACTTATAATTGGGAAAATCCCCAGTCTAACACCTAACATTTACCACAGGCCTTTGACAAAGGTAATAAGAAATAAAACCCACCAGAGGAAGAAGTGGGTTCTTAAGTTCCTGACCAGACAAACTCCTCTTTCAGATGTTTTAATCTTACTAGGCCATATCACATTTGGTGCCCTCACTCCTACTCTAGGAGGATGCAGAGGACATGCCAACCCCACCCTCTTCCTAGGGAAAGTGTTGGCCTGCCAACAGGAAAGAGGCAACATCTCTCCCCCAGATCCTCTTTTGCCAGGAAGAGTCCAGAGAGGTAAGTGGGCATGACCCCTGTCCTGCCACATTAGAAGATTTCTTCACTCCAATGTCCCCTACTCATTGTCACTTATAAAATCCCACTCTCATAGGTTTGCCTCCACCATACCATATCCCACCCCGTAAATCTTCACT,0
TGGAGCTGGTGCTGCGTGACCAAGACCTCCCTCAGCTGGACCACGTCTGAGCTGTGGGACTGGGGGGTGGGGCGGAACGGATCCAACCTGCCTCGCATGGAGGCCGGGGGCCGCCACCCGTCCGCTCTTCTGAATCCTTCCAGAGAAGCGGAATAAGAGGACTCATCACCCGCTCGTTGTGAGTGCTGCCCGAGACGTACTTACAGGTCGGGGGCTGCAGATAAGCGGCTGGCCATGGCCTCCCAGGGTGGTGTGGGGCGTCGGGAAAGAGCATGACCCCCCAGGAGCGGCCCTCATGACTCGGGCCAAGCACATCTTCAAGGGAGTCGAGCTCTCCGGCCTCTCAGCCGCCATCAGCCACTTCCTGACTGAGGTGGGGCTGAGCTACCCAAACCCCGTGGAGCCCGGCCCGCCACACGAGCTGGTCTCCAAACTGCTTCCTGAGCTCAGGAAAAACCGGCCCCGCCCACCTGCCCGCCGCACAGCCTGGGCTGTCAAATCGGCATTGGAGA,0
GCAGCCGCGAGCGGTGCCTTCCCCCCTACGTCATTCCCCATCTCAGTCCGCAGCCTCCCGCTTCTGTTTCATCCAAGCGTCTGCTGCCCACAGTCCTTGACTCCCTAGTGTCACCGATCACCTCCCATAGTCCTGGGAACCAGCGTGCGTGCCCAGTTGACGGGCCAATCTCAGTCTACTAGCGGTTTTACGGGGGCCCACACGCTCGGCCTCAAGACCTTGGGACCAGGCGGCTGCGGAGTAAGGGTCCCCGTCCGAAAGTAGGGCCCGGCAGGCTAGGGACGGCCTGGCGCACGTAGCTCAGCTGGGCTCCGGCTCCACTGGGACTGGCTGAGCCCGCCGCGCCCCCGGTTCCGAGTCACCGCCTGAAAAAAAAAGCGGGGATTCTATAAATTGAGCCGTTCCCAAAGTCCTCCGCTCTCTGCTCCTCCTGCCAGGTGAAGACGGGCATCTTCTTTTGCGTCCTGGCGGGAGGCGGGGCGGAGAGAAACCCGGGGTTCGACAGTCAGCCG,0
AAATAAATACCAGATGCCACACACACACACACAACACGTCCTGCTGGAGACTAAGCTTTTAGGCTGACCAAAAAAATTAAGACACAACATCCCATCAGCAAAAAAAAAAATGGCAGCTGTGAAGGAAAACTTTATCTTTCTCTCTTTTGGATGAAAATATTCTCTCGCACACATACTAGCTTGGGAGAGGCCACACACACACGCGCGCTAAACATCAGAGACCTATTTCTTCTTCAGGGATTTGAAAACATGTTGCTCGGGGGAGGAGGATGACTTAAAAGTGCATTCTTTGTGTTTCGATACATGCCTTCATCTTGAAACAACCCTCCTGACTGGGCGAAAACAATATCTCTGGCATGCATGAAAAGACACATACTCTCTCTCGAAGAAGCTTATAAAAATTAGAAAATCCACATAGTCACCAAGACAGGCATCTCAAATCGGCTGATTCTGCATCTGGAAACATGGGGGCGGCGGGCGGAAAAGGTATGTACTGTAGTTTTAAGCTTTTC,0
AGCTGCGGGCAAGGGGAGGGGAGGGAGCCGGGGGCAAGTTGGGGCCCACCACCGGTGAGTGCCGGAAGAACTGATTAGAGATTTACAAGCCTCTCGAGAGCTGGGCGAGGTACGCGGGGTCCGGGTCGCCTTCTCTCCTCTCTGGCCGCGGGTCGCAGCATGCACTGGGGCAGGCCGAGAGTCTCCTGTGCGGGAGGAAGCACGGAGAGTCTGAGGCAGTCTTAATTCCTCAGTCCAGACGCGGGGAGAAGTTGCACGCTGGAGATCGCGCTGCTGTTGGGTCCCCTCGAGCGTTGCGGAAGCATCCCCCAAATCTTTGTCTGAGCGCTGCAAGACCCCGGCCAGGTGCATGCGGGAGAGGGAGGGGCCCGCAGCGCCGGCTCGCTGATATAGAGCAGGCGCCCCGGAGCCCGGGCCAGTGCGGAGACCGCACAATTCGGGGACTCCTCAGGGTCCACCTGTCCGGCGCCGGGGCGGGCCCGCCCTCCTGCCGCAGGACCCCAGGAGGCTTC,0
GTCAGGATGCTCCGGTCCGCCCCCTGCCCCCCGGAGCTGGACCAAAAGCCGGCCGCCCGCCCCCGGGGAAGGCCGCGCACCCGAGGAGAGCGCGGGCGGCGGAGCTAGACGCCCCGAAGAGAAGAAAAAGCGCCGGGACCGAGCTCATGCGCAGGGCCCGTCCGGGGCGCACGGCACCGCGCGCCGCGCTGGAGCCAACCTGGGCGCAGGCGGGCCCGCAGCGGGGACGCTGGGCCGGTCTCGCGCCGGGGTTGCGTCACGTGGCCCGGACGCCCGAGGTCGGAGTGAGGCCGGGGGGCGGGGGCGCAGGAGGAAAAGGACTGGACGACGGAGAGCGGCCGGCGGCTGCCCCCCTGGAGCCTCCCAACGCAGGGCCCGCGCCAGCCCCCGAGCGTAGGAGTACACCGCCGCCTGGGCGCGCCGGCCCCGCGCGGAGCGCGGTAAAGGCTATATAGCGCGCCCCACCCGTCTCCCAGGGAGGCCGCCAGCCTCGGAGTGGGCGCGGGACAGTG,0
ATGCTTCTGCTGGGGGGCTCAGCGCAGTAAGTTCCGTCCCACCTTTGCCTGTGCGTTCTTCCACGCCACTGAACGAGAGTAAAACTCTAGGACTAACTGCAGATTTTCACCAAGACCGCGGACGTCTGGTTAAAGTAGGGACTGCGTGGACTAAACAGGATCGCTGTAAACCACCCTTTGCTGAGGGTGCCTCGGGATAGTCAGTAGACCCAGTGGCCGGCACAAGGCGCCTCCCCCTCCTCTGAGCCCTTGAGGGGCGCCCGGCCCAGCTTAAATACCACACAGAGCATTGAGGTAGGCGCGCTCACGCGCGGGCTCTATTGGGACTGGGCTGCGCCAGACCTGAGACGGGAGCGCCCGGGGCCCCGAACTTAAATCCCGAGGGCCAATCGCAGCGCGGGAAGGCGGTGGGGGCGGGGAAGGCCGCCTGGATCCGCGCAGCCCCCGGCGGGCGAACCTGCACCACCCTGGCTCCCGGCCTAATCTCAGAGGCTTGCCCGCAGCCAGGGTGT,0
GTGCAGCTGAAACACGTGTGGCTGATTGTCAGACATGCAGTGGAGGTCGCTCCCGGGGCTGAGTTGTGCCTGCTCTCCTAAGATAATCCTCAAAAGCCTAGCTTCCTGCACCGGATGGCAGCAGCCCTCTGAAATGAGAACTCAGGTTCCAGGGAACATTGACATAAAGAACAGAGAAAGTGGGGTCTCTTCCCCAAAAGCAAACTGATGGTTAAAGCCGAGCTGCCAGAGGCACCTGGAGATGCAGGGAGGTGTGAGAGCAGAGTTTCTGCAGGGCTGCCCTCCCGTGCTCCGCCCCACTCAGCATTTGCCCTTGCACTGGGATGTGACACTGATTACAAATAGCCCTGGGGGCTAGGAAGGGAGGGCTGGAAGCCAGGCCTCATCACCTGCCAGATGCTAACCAAACCACAGCCAGCCAGGCTCCCTAGGCACTCACCTGGAGCACCTCCACGGCTCCACAGCCATGTGGGCAGGACCCTAAATCACTCATCATCCCGGTTTCTGTCCTC,0
GGTTTGGTGTCGGGCGTTCCCACCTACCCCGCAACTACGATTGATCAGGAGGACACAGGCGCAGGATGGAGTGACCTGACTTTCGCCGAAATGCTGTGGCAGAGCGCGATGACCTGCCACGCGGCTTGGGTGAGTCACGTGTAGCCACTGGGGGCGCTGCAGCGGACTCGAGGGCCAGAGAAGCAGGCAGGAGCCCAGGATCATTTCTAATTCCCAGTAGCCTCTCCTGCCCAAATCGGCTTGCTTCCTGTTTGTCTGTGGACCTTGGGAGATGACTCCTGACCTGAAGGCCCGGGGGCCAGAGGAGAGAAATGGGAGAAAAAGGCCACATCTCTTGCTCCCAGAATCTATATGCCGCGCAGGACTACCAGAGAAAGCCCCAGGCACGCCGCACACGGTCCTTGGTCGATGTCCGCCGCCTCCGCCGACGGCCCCCGTAGAAATCTCCGGCGACCCCTCCGCCGTGGCCAGCTGCCTGCAGCGGCCCCGAGGCCGCAAACCGGCAGTGCAGG,0
CAATTCTAGACCCATCAATGATGACGGAGTTATGAATGACCCCAGGCTCCCATCTCCACCATATTGAGCCTCAGTTTCCATGAGTGGCGTGCTCCCGACCGGATGGTCATTAGGTGGCTTCCCCTCTCGACATTCTCCAATTCATGGGTCCTCCTGCCAGTCCCAGTCCTCACCCATTCATTCTCAGTCTTCCCCCCTCGGTAGCTGCCAAGGACCAAGGACCATGGTCTTAGTCTTGGCGGAAAGCCCTCTCCATAGCCATCCGTTTCAATTCGGTCCCTGTCTTGCACCTTTGAGTTGGAAACAGCAGAATCCCAGCATCCTGGAGAGGGGTTAACCAAGGCTTGCTTCTCTTGGATGATCCCAGAAGGCTCCATGAGGACCGTGGGCAGCCTTCCATTTTTCCTTGGAGTGTCAATAGCCGCCACCATTAAGGATTTCATGAGCAGACTGTGCAGTGGGGCTCTCTCTCTCTGCTCATCCTCCTCTAAACGCGTCAAGCATCCTGGGTG,0
GAAGTAAAGAGAAATTGCTCAACAGACCAGCATGAGGGATAAAGGGGGTATTTTTGCAGGTTCTAAAACAGGAGTGGGTCGCTCGTGACCGAGACGAGCAAAGACAGAACACGAACCTCAGCTGGGATGCGCCGTGGGGGTTCCGGGAGGAAAGCTTCCGGGCTGTGGGGGAGGGAGGGTTTGGGTGATACCTTTTCCCCAGGCTTGGGCGCAACCTTGTGAAACTACTAATGTATTAAAGAAGAAGTAGGAAAAGTTGCTGAGGACAAATGATTCCGGAGTCATAAGATCCATTATCTGCTTCCAAGGGAGGAAGAGCAGAATGATGACTGACGCTGAAATCTTGGGGGCTCCTCACAGCCCCTGTCCCCCAGCGCCAGGGCAGCACCCGCGCGTCTAGCGGCTCTACAGGGGCTCGCGAGCGGCGCTGGACAGACTGGGGTGGCTGCCTGCGGGCCGGACAAAAGTCCCGCCTGCCCACGGCTTTTTGCCCGCCCTGTAACGTGTTAGTC,0
ATCCTCCTACATCTACACACATAAGAGGCTGCCCTGCGCTAAGCAGGGCCTTCCGAGGAAGCTAGCAGCCCTTACTCTCAACCAGGAGATTACGAAGGAAGGCCGCGACCTAGGGTCAGCGCCGGCTGCAATGTCACCAGGGCCAGGCCCTCACTTCATCCAAGTCAAGCAACTCAAACAGTAAGAACCAATGAAGTCCGAATACCTACTATCTCAACCAAGGTAAGTGTTTTTAACGTTTGGAACCAACGGAGGCTACCCAAATAAAGTGGCGCCCGGTGCGGGCGCGCTGAGAAACTTTCTCGCCTCCAAGCTGGGACCAGGCGCAGTGCGCAGGCGCCTTCAGTGGGTCCTGGGTCCGCCTCTTCGACCGTATTTGCAGGCCGATTGGTCCGCGTGGCCCTTTCCTCAGCTGCGTATAGGCGCGAGAGCGGCAACCCTAACCTAACGCCAAGGTGCTCGGTCTCAGGTCCTATAATTAGGCTGCGTTGGGGTGACAGCGGAGCTCCTGC,0
CTAAAATAATAGTGTTAGGCTCGGAGCTCCGGAAGAAAGTTCTTTTGGGGTTGGGGGCCAGGATAGCAGGACCCATCTTAAGGATAGACTAGGTTTGCTTAGTTCGAGGTCACCCGTGATCAGCTCCAGCCATGTACTGGAAGATAATTCAGGTGATGGCCTCCAGGACTGCCCTCAACTGATCCCTAAGCTATAATGCTTCACTAGCTATCTGTTTGCTCTCAGGATCAGAGAAAAAACCTTGAGCTGGGCCAAAAAGGAGGAGCTTCAACGGAGCCTGAGAGGTGAGGAACCTGACAGTATAGAAAGACCTGCCCACCGAGGAAAAAGGAACGGCTTTGCAGATAATTTTCTTCTGGTAAGGAGGCAGTTGCATCACACAGCGCCATTTGCAGTCCTGAGTTGGTCCTTGCACCACATAAAGGGACAATTCTCCTCACAGCAATGGCAGTGCTGACACTACAGCTATCCCAGGAGCTTGCACTCAGACATCATGCTGTGTGCAAAATCTG,0
GTTCCATCCCCTCGGCCGCGCCCTGACTGCCACCTAGGTTCCCTTCGGGGGCGGGGTTCCTGACCATCCTTGGCCTCAGGCCGGGAGGGGGGAGGTGCCCGCTCCCAGGCTTGGCGGCGCGCACACTGCCAGTGGGTGAAGGGGCCAGCCCTGGTGCACTGGCCCCGCCCAGGCGCGACGAGAGGCTGCGGGTGGGATGACGCGGGCGGGGGTACCCCAAACTCCGCGAGGCCGGGGTCTACGGGGCGGGGAGGAGCTGGGGCCTTCGAGGAATCCGGGAGGACGGGCATAGCCCGCCAGGCTGCCATGGCGCAGGAGGATGCTCCGAGCTGGGCCCCACGCGGGCCTGGGAGGGACGGGGCCGGGCCCCATCCGGGACAGGAGCCGCGGACGGTGGGCGGGCCGGACGACGCACGGCCTAAAAGGCGGCGCGGGCCGGCGGGCCGGGGCAGCTGCGGGCGGCGGAGGGGGCGGGGCTGACTCGCTGGGCCGCGGCTCCCGGGTGTCCCAGG,0
TTCCAGGTTCCTTGAAGAGAAGCAGCAACTGATGCTGGGGACCCTAGTCTTCATCCGGGTGCTGAATGACCCTTCTTTCCTCCCGCCAGCCACAGTCCTATTTCACAGAGGACTCCTGGGAAGGTAAGGTCAACTTCTACTACAGTTTTTCTTTTTGTCTTAAAAGGCCAAATCTTATAAATATCTTCGCTTAAGAAAAAGGCCCACTACAAGGTGCCAACGTGATATCAAAAGTTAATCCCAGGTGGTTGTCGTTCCGGGGTGAATCTACAATCCTGCAGCCAACTCCCCTCTTGCCCCATCATGTTTAGTCCTCTCTGGTCCTTCCCGGCTAGTTCGACCTCTGCCGCAGACAAAGTGACCTTGAGAGAGAATGACCAGCAACCCGAAACCCCGCCTTTTCCTGTTAAGTAGTGCGGCGCGAATAAGAGCTGCCAATAAAGTTGTTATTGAGTCCCACTCCTCGGACCGCGCTTGCGCCCCGTGCCGCCGCCGCTGTCTTCCTTGGTGCA,0
CAGTCTTATACGTGGGCATGCAGTCCAATTCAGACATTGTCCTTTCTACAATCTCGGGTGCCTTTGAAAATGGGGCATTTCTAGGTTGAACCATATAGTGTTTCCCTCTACCCCGAGCCGGGGTGGGAGACGGAGCTGGGAAGTCAGCCTCGCCTCTCGGCCCAGACAACGCCTGGGGTTCACAGCCGTGTCGATAAATGACAGGTGAGGGCGGGGTGGGGCTCGCCCACTTCGAGGAGTCACACAGTAGGCGCTCAGGCCCCGCCGAGCCGGTGGCCGAGGGAAGGCTCCGCCCTGTCCTCTGGAGGACCCCAGGGGACCCCGGCCGCGACGATCAGAATGTCAGCTCCAAGCCGTCATCCATTTACCGCGCACTGAGACTGCACGGGCGCGCCGTTAATAAATTAAAAAATGGTAAAACCAGCTAGCTGCTCCGCAGCCTGAAGAACGGGGCCACCCCCAAGGTCGGCGGCGGAGGCGCGGCGCGCCTGGCGACTGAGATTAGCAATTTA,0
GTCTCATTCTGTTGCCCTGATCTTTACATTTTGGCATGATCTTGGCTCCTGCAACCTCCGCCTCCTGGGTTCAAGTGATTTTGCCCTGCTAAGTTTCTGAGTAGCCGGGACTGAACCGTGTACTGATTATGCCTGGCTAATTTTAGTATTTTACAACCTCGATGGGGTTTCACCATTTGTATTTTTAGTAGATCGATCTCCTGACCTCGTGATCCGCCCACCTCGGCCTCCCAAAGTGCTCCCAGTTAAATATTAAGCCACCACGCCCGGCCCTCCTGCCTCAGCCTCTAAATATTGCATTAGTTAAGGGTTCCACATACTTGTGATCATAGATAACAGGCTGGAGTGCAGTGTCTTAATTATCACTTGTTAGCTAGGACGGTCAGTTGCAGTTATAAAGGGAATTACAGGTGTGACTCCTAACAGTTCCTAGAAAATGGAGCTGTCTTGGCATGTAGTCTTTAGACTGGGAGTCTGATATTCATGCTGGGGGTCAACAGGCGCATGCCACG,0
GGCCGTCGCACCCTATCCTCAGGAAACAGAGTGGCTGGGGCACAGGATGGGAGATAGTGTGAGAATGCCTCCCTCCGGTCCCCCCTCCATGGCCACCATACACACCCCTGGTGTGCCGGGGCATGAATAAAGGGGGAAGGTGGAAAAGACAGAAACTAAGAGGTCAGGGAAGAGATGCCTCCTTGCTGGGGAGGCCCTCGCCCCTCCTTGCAGCTCCTGGGTTTAGTGCCCAGTCCAGTGCTGGGGACCACCTGGGCTCCCTCCCTCTAGCTTTAAAGCTAGACCTCTCAGCTCTCACAGCTTGCAGGCAGGGATCCCAGTGTTTTCATGCCCTCATAAACATCCCCAGCCTTACAACTTTTCCAGCTCTACTCAGCAGGGGGCCAGGGTCCTCACTTTATAACCATCCCCAGGAAGTGAGAGCAGAGGGCAAAAGCAAAGTCAAGGACAGGAGCCCAGGGGAGGGTGGCAGTGGGGGAGACTCAAGGAGCAACGCATGCTTCCTTCTCTCC,0
GAGAAAGGACCATGGGGGGAAAGCCACCCTCCACACCTGGCTGGAGCCACCCCAGCTGGCCAGTCTAGCTCCGTGACCTGGTGGTCCTCCTGCTGCCTCCTGAGCCTCACTTCTGACCTGGGCCAAGGGGCCTCCCCGTCATCACCTTCTCTGACATTAATTGAGGAGTGAATGATCACATGGCAGGCACTCCCCATGGAGAGCCCGGTTCCTGTCTGTAAAATGGTGTTCAAGCACTGTGCCCCCAACCCCCTTCGGCTCCTGCCCTCCTCGTTCCCATAGACTCTGCTAGGAACCAGCCCCGCAGGGGGAACCCAGGGGCTAGCTGTCAACCCCGGTGTGCTCCAAGGCCTAATGAGTGACCAGGACTCCTGAGCCTGACCTATAAGGAGGTGCTAGGGGGCTGCATCAGGGCTAGACGGTGGACAGCGGCAGGGACACAGATGGGAGCGCGATGGGCTGCAGCTTGTCAGAGAGCCACCTGCCAGGAGTGGCCCACCCACACAGGTGTC,0
ATTAACTGATATTTTCACCTGATATGGAAGAGTGATTCAGTCTTGCACGGCAGGAGGTCAAAGCGGGTCCCATTGGTTCTAGAGACCATAGTCCAGACAAATTACTGACGGATCTTCAAAGGAAAGGCTTGTGACCACATCCACAAGATTTGAGCCTTCAAGAGAGCAATTGGGGCCTGAATCAACTGCTGGTGTTTGTTGAGCAGAAACAGTGAGTCTCTGACTTCCCACCAACAGCTACTGTGTCTCCTGCTACCCAAGAGGCATCTCAGCCCTACACCATGACCTTTAATGAGCTGAGGAACCAGCTGATCTGAAGCCAGCAGCTGAGTAACAATTTGTCAACATTGCTACAGGTAGATAATCAAGCCCAGGATGGGGTATACTGGAGCCAACACCCGAGGAGGCTTCAGTCTAAAAGGGTTGGGAGGAAGGCGAAAGATCCAGTCAGTGGCTCAGCCTTCGGATGATGGCACCACATCCTGTGCAGCCTCAGCTTCTCATGGTAAACT,0
TGAAGTCCCCCTGTCTGTGTGGGTGGTGGGTGTTGTGGCTGCTGTTCCCTCTTATTATCAGCTCCAGGGATTTCAGCGCAACTGGAGACTTAGAAGGCAGGAGGTTCTCAGCGACATTTCCAGTCTAGGAGTTCCCGCTGGGCTGCCCAACCCGGTCCCAAACATGTCTGTGGATAGCACCCGGGCTCTGGGCTCTCCTGTGTGCCAGGCAGTGGGAAGACAGGGGTGGAGGGGCGGTGGAAATGAGCATGAGAGACTAGGAGAGGGGCAGTTAAGGTCCCCAGCAGGTGATGGGGGGATCAGGTGGAGAGAAGGGTCTAGCCACTCCCACTTCGCGGCACTATCGTCGTTGCCAGGGTCCGTGCCAGCAGGCTTGCCCCAGGGGGAAGGGGTGGGGTGAGTCATCAGGGCCAGCCCCGCCCTGCTTTTATTTGGCTTCTCAGGACCCCCCCACCACCACGGCTCTCCAGGGGCCCGGGGGCCATGTCCGTGAGTGGCCCCCAAGAAGAGGC,0
ACCCAGAGAAAGCCAGGAGGGGTTGGGGCCGGAGAGACAGACGCCAGACGTGGCACGACCGGCCGAGACGGGTGGAGACACAGAGAGACCGAGAGTGACGCAGAAGGAAGATAAGACTCCCACCAAGAAAACAGGAGACGCGCGGGCCGCGTTGCGCTCCGCCCAGGCTCGCTGAGGAGGAAGGCAGACAAATGGGGCAGCCCGGAGGCGCCTTTATAAGGCGGGCGGGGCGGGCGAGGGAGAGGAAGGGCTGGGCACCCCAGCCCGTTCCTGCCGACGGTAAAGACAGGGGGCGCCCTGGCCTCTATCCTGGCTCCGTGCGCGGGGCGCGGGGCTCAAGGAGCAGGTCAGACCGGGGCCGGGCTGGGACGCCAGGGCCGCGTCGGGCGGGGGAGGGGGCATATGTTGACAGACACACTCGGGCCCCGCGGCAGCTCCGCTCCCGGCACGGGGGTGGTGGCCCGGGGCTGCCCGGGCCTCCGCCACTCCGCGCCCGCGGGCCGGGGGCGGGG,0
GGCGAGGTCCCAGTCAAGCTGAGGCGACCGCAATTTGCAGTCACTTCACAGGCAGCTCCTTAAACAAGTCCATAGAAGAGGGCGGGTCAGCCGGCGGAGGCTGCTGTGGAAGTATAAGGCCTCCGCAGAGCAGAGAGGAACCCACAAACAGTCCAGACGTTCCCGCCAGACTCCCGCAAAGCTAAGTGCAGGCTCCCAAACCCACTCCCTACCGGGGCTGGGACCTTCCCCGTTCCAGCCGACGGGAACACCGCCCCCTCCACACGTAGCCGGACTGGGTGGAGTATCTAGCGTCCGCGCTGAGAGAAGCGCTGCGTGAGGGGGCCCAGGAGGGCGCGGCCCGCCCCGTCGCCCGGGCGCGCAGCGGCCAAATTCTCACCCTTCGCCAATAGCCAGGGCGGCCAAGATTGCCGCAGCTCCCCTCGGGGAGCCGCGGCTCCTCCTCCCTCGCCCCGGGCGCCTGCTGCTCCGTGCCTCCACCGACGACCTCACTCAGCTGCGTTACGCGCCGC,0
TTTTTTTTTGTAGAGTGCGCTCCCTTCCGGACTGCCCAGGATGGTCTTTTTACAGATGAGGAAAGCGATCCTCCCGCCTTCTGCCCGCCCAGTTCCGGGATTACAGGTGTGATGGGGCCACGCCTTGTTGCAACTTTACTTATATGACACTGAATCAACTATGTCATTTGGCCCATGAACTCCTGGGCTCAATTGAGGCACAGGGAAGGCCACCGCGCCTGGCCCAGTTCCGCTGGGTTTTCAGGTCTCACTGTGTGGCTGAACCAGCGAGAATAATCTGTGTGGCAGTCTCAGGCCTCTCCCGTTTTCAGGGATCGAAACGGTGAGTGAGACTCCGGACGGCCCGGCTGGCGAAATTCTGAGGCTTCGGCCTCCCAAAGTGCTTCCCCTCCGGCTCCGCCCTGCGCGTTGGGCCCCGCCCCAGCGGGTCATTGAACTGGCGGAATTTGGAAGATATTTAAAGGGAATATGCAAGTGCGAATATCCCTGCTCGGCGCGTCGGCGCCACGCGC,0
GCCTGCGTAAGCTGGAGACACAATAACAGTCTTCGGACCCCCTCGCAGCCTGGCCGGGAAACGGACCGCTTTGTGAAATGGAGCAGCCCCCGGGGTCCACTCTCCGGGGAAGCTGCAGCATTTGTTCCGTACTTAATAAACCGCGGTTTCCGGGAAAGCACGTGATTCAAGCTTAGGCTGAAGCGGCCAGCGGAGGCGTGGAGGCCGGTTAGCGCGGTGTAGACCATCGCCCTGCCACCGGAGTTGCAACCTCAGCGCTTGGAAATTCCGGATTGGCAGTATTTAAAAAGGGAGGATGACCCTCCCGCCCGATTGCTTTAGTCAGTCCGGAAATAAGAGGGAGGACTTGAGTGGAGGGGAAGGCGCGATCGGCCCGGGCACCCTGCACCGCCCCTTGGCCCCTGGAGTCTCAGTTTTATAAAGGATCACGCGCCCAGGTGGCTAGCGCGCTCCTCTGCTACTCAGCAGCCCCCGGCCCGCCTCGCTATGGCTCCCACCCCAGTCGACGCTGA,0
TAGTGTCACCTCCACCAGCCAATAGGAGGGTCTCCGGGCTGTGAGGCCGGGACAAAGATCTAAGGCCGCAAATATATAAAGCTGCCGTCTGCGCTTCATAAGTTTCCAAGTGGCGGGAGGAAGGGGAACTTTGGCAATTGAAAATGTGAGCCTGGGAGGAGGCTAGTGGGTGGATGGCTTCTGGGTTAGTTTTCACCTTCTTCCAGCGAAGAGGGCGCTGGCTCGGGTGGGGGTCCTGAGGGCCCGCGAGTCGGCAGAAGGAAAAGGAGAGGGGGAAGCCCCTCCCTGCCACCTCCTGCTTTCCGTCAACTTGACCGATGCTTCCGGAAAGGACGCTAATAAGGCCACCGGACAGTACGCGCAGTAGCAACTCACGGCGCTTTCGGTGGGTAGCCCCGGCTGGATTCAGGGCGCGCGTTACCTTCCCCTCGGAGGGCAGAAAGGCGCGCCCCATCCTGCCTTTAGCAGCTAGTGACAGCCGGAGAGGAAGCAGCCAGAGCAAGAGGTACGAG,0
GGTAAAGATGTGTGGTGTCTCACCCTCCCTCTTAGGTCCCTTCACAGTTGCTGGGAGAGGCAGGAATTTGCAGTTCCTCCAAGCCGACAGCCTGAGCTGCCCACCTGTCCTGCAGGAGGGCGTAGGGGTGCCCTGCCCTGCCTGATCCGCCACCATCTCCGCCAACAGAAGTCTGGAAGGGAAGGGAGACTATCTGATAAGGCCCTGGGCGTTCTCCTCCTCCGGAGCACTTCCTCTTTGCGATGGCCTATGTCCCAGGGGACCCAGGTGATTTGGGTCCTGGCTGGTCACCAGGGAAGCTGGCGGTCATTCCTGCAGCCGGGTGCGCTCTAGGAGCAGGGCCGAAGTTCATAGTCCCAGAAGAGGAGGCAGGGTTTTATGGGCCTGCCAGCCACTCCCTGGGCACGCAATCAACGGCCACCACCGCCTGCCTACCCTGGGTATAAGACACTCCTGCAGCTCTTCTCACAGGACCAGCCACTAGCGCAGCCTCGAGCCCTGTGGACCCTCCC,0
AGCGTTGGGAGAATGCAGGTCCACACCCCGGGTTGGGTTTTGCTCCCTGCCCACGAAGAAGTAACTTTGGCCAGAATTCCCTTGGAAGCCAAACCCCCTCTCCTTTGCGTCCCCTAGAAAGACGGCGGTCTACTTGGTGAAAACAGGAGCCCTGGAATAGCAAGGACTTTGTTCCTGGCTTTCTCTGCTGCTGCACCAGTGCTGTAGTTGAGCTCCAGATGCTCCCTTGTGCATCAGCAGAGTGTGCCAGGTTTGGTAGGAAGAAAGACTAAAAACTGGCCTTCCATCCTCTTTCTTCAGCAGCCGTAGGCAAAGATTTGCCTGGGTGATTCACCACCTCCTAGAAAGAGACTTGATTTTATTTGAACCTCCTTCCTCACGTCCCTCCCACCCTTTTCCTACAGATGTGGTTCACACTTTGTAATCTGTATACTATCTCCCATTAGAAAGCTGAGTGATTGCAGCTGCAGATCCAGGTAATCTCTCAGACACCAAGTTTGTTAACCTCCAAG,0
TGGGCCCAGAACCCACATGACGTCAAACTGCCCTTTAAAATCTCACTTGGGCAGGGGTCTGGGATCAGAGTTGGAAGAGTCTTTAAGGGCGTTACTCCTTTCCGCCAAATCGCAAATACAAGTGGGACGTGGGGCGAGGGTTCACCTTAGGGGCATTAACAGAGGTGAAATTCACCCGGCGGGAATAAGAGCCTCAAATTCCCGCTCAAGGCATCAGAGACACTTGTTGGTGCCCCCACCCGCCGCCGCCGCTGCCATCAATGACCTCAATGGCCGCCGCTTCCACAGGGTCCTGCTGGATCCTCTGTGCACTGGCGGAATGAGGGTGACGCAACCTGAAACCAGGGGTGGACTCCGCCCATTGGTTGCCCTACAATCCTGGACCTTTCCCGACCCACAGAAACCAGGCCGGACTGAGTCGCTGGCGCTGGGCCAGGTTCTGGAAGCAGCCCAGCCCAAGTGTCCAGGGGCAAAGGACCCGGCTCTGGCTGGACGCATCCCCCACCATTTCC,0
GGCGGAGGCTGCTGTCAGAGAATCTCTAGCCAGCAAGACTCGGTCTCACTCTGTGGCAAGCCCAAAACAACAACAACAACTGCCTGGCCAGCAGAATGATTCCAAGCAAATCGAGGCGCCCTAGGGCTCCAGAAAAACCTTGAGAATAGAAAACAAAACAAGAGGTCAGAATTCTCAGTTGCTAAAAAATGGGATCCTGAGGGAAGAGTGCGAGGAGCTCAGAGTGGACACAGCTCCGAGCAGCCTGGGCGACAGACAGGCACCCAAGTCTGTGCTCTGCCAGGACCTAGCTGTCACTGGGCCTCACCAGCCCCGCCCCCGCAGAGCCGGGGACCTAGAAGGCGGCTGCGCTGCAAGATGACTGCTCTAACAACAAACCATGTGGAGGGAGGGGCCGTGAGCATGTACTGAAAGGACAGCCACCTGGGAAAACTCGTGCTCCCTCCTTGAAGCAGCAACGGCTGGGAAGCACAAAAAGGATCTCGCTCTTGGGTCACTCTGCTTCCTTCCCA,0
CGCCGCCGCCTCGCGGGCAGGCACCTACGCCTCGTGGAGCCTGGCGGAGCCTCCTGCTGCCCGCGTGCCCGCGGGGTCGCCCCGGCCGAGGCCGCGGGTCGGACCGGGCCACTGGGGCAGGGCCAGCGGCCTGGCGGCGAACCCGAGTAGGGGAATGCCTCGCCGCTCGCTGCTCATCCTGGGCATGGAACATGAGAGGCTGGAGCGGAGAAGGAGCTGGGATAGGGAGAGGGGCGGGGCCCAGCGCGGAGGGGCGCTAGAGGAAAGGGGCGCCGCCCGCCGACATCAGCAGCATACCGGTGGGCAGAACGAGGGCGGGGGGAGGGCGGGTCACCAACCTTACAGTGGCGGGCCCGTGGTGGGGCGGGGAGGCGGGGCCAGAAAGAGACACCTAGGATAAACGGGCCGGCCCAGCAGAGGATAAGGGAAGGAGCCAAATAGAGTGGCAGGGATGACCAGGACTGGCGTACCGGCCGCCGCCTGAGAGGGCGGACATGGGCCAGCAAGGAGGA,0
TGCTTCACAGATAGAACATGTGTAATACATATGATGCCTAGACAAATCAGGTTGTCTTTTCGACGGCTCAGAAAGTTAGCAATTGGACTGGATGGTAGTTGTCAATGAAATGGTTATCCAGATCCTCATAAGGATGCCCAGAAGTCAGTTTCAAATTGAAATTTAGGAGGACCCTTCGGCTTCCTTTCTCGTTCCAAGTCTCCACTTACTATATAAAGTCCTTGAAGTGAACATGAAGCTAGCCTAGTAGTTTTGGTACATTTTCCATCCATAACACATTTCAAAGCTTTCAGTTGAGTGCTTGCTGCCATTAGCCCAAGGTAACAGCTAAACCCAGTACTCCAGGAAATTCAAAACCAAAACAAAAAGGATTGGCTTGTTTTGGCCTTCTGTGTGTGCAATTGAATAAAATTGGGCTGGGATCAAAGCTATGGCTTTCTATTCAAGTATTCTGTGTGGGTTCATTTTGCTCTACTTCCTTCAGGATCCTGAAAGGTACAGTTTTTATTAAT,0
TGGAATGCAGATATGGAGTGCATTAAACCACCGGGTGAGTGTTCCTAATTTTTAAGTACACGTGACCAGGAGTTAACCTATCACTTCTGCTGATCAAGCCCATGACAGATTCGACCACATTGCAGTCTCAAAAAACACCACCACTGAGGGCCTTTATCATCAGGTTGGTGAAATGTTAAACTCTCATCTAAAGAGAAGATTCTTTTTTTACACCACACTTCTGCAGCATCTGCTGTGCAAGTTAATGAGAGTTAATAAATTACGTACACACACCTGTGGCTGGGAGTTCACTGGTGGTTTAATCCAAGGAGATAACCCTTGAAGCAATCTTCATCATCTCTGCAAACCAATGAAGTCTCAAAGGTCAATATATAGACATCCCTATTTCATTGTTGTAAAACATGGAGTCATCCAGCTATTAAAGCTGACAGAAAGGTAATTTGTCCACTGTCTTACATAGCCTATCACAAGGAACTTGAGTGCATATGGATGCACACAGAGCCTGTAGACCT,0
AAAATTAGCCAGGCGTTTTTCAGGCAGGCTAAAGTCCCAGCTACTTGGCAGGCGGAAGTTGCAGAATCGCTTGAACCAGGGAGGCTGAGGCATGAGTGAGCCAAGATCATGCTGGGATGACAGCAAGGGGACAACAGAGCAAAAAGGTGAAGAAGAGAGAAAAAAAAAAAGTTCCCGGTGGCGCATGCCTGTTTTATCCCATAAATATTTATTAAATGATTCTAAGTCTTAGAGCTGCAGACTCCATCTCAAAAAACTAGGTCAGCCCCTGTGTCAGAGACCGTTTTGTCCAGTGGAGGTCATTCCTTCCCCTCTCAGGAGGTAGGGTGGTGGCTTTCTCTGCCCTGGCCTCAGGAGGGAGGTCACAATCGGTGTCAGAGAAAGAGATCTATGATATAACTCTCAACCCCTGTTTACCCCCACTGAGGTATTCACTGCACTCCAGCCTCTAGCCACATGCTGTCTGTGTACTTTGTGATGTTCCACCCCATGCCCACCTCATGAATCTTACA,0
TCTAAGCAATCGGATTGGGCCAGCGGGACTACCAGACGTCCGTTTCTCCGGGAAGCTACCGGCTGGGTACTCCAGGTCCCACCCGCCCCTCCCCCACAGTTGGGCTAATCCTCCCCCAGCACCGCGCGACTCCCCGAGTGGCAACGGTGCGGCCGAGATGAGCGATCAGGCCACAACCGGCCCCGCAGGCTCTTCTCCTCCCAGCCTATTTTGCGGGGTTCGTCCACCCGGGGCCCCGCCAGTCCGGCTGGGCCGGCCAAGAGGCGGTGGATGCCCGGCCCATCTCCCAAGTCCCAGCAGGCCCTCTGTCCAGCCCCTCAGGGGCGGAGCCAAGCCGCTAGGGAACGCGTGTGAGCCCTGGCGCTCAGCGGGGCCCGCCCTCGTGGCCAATCGCGGGGCCGTTCTCGCCGCGAGCCGATGGGGGCGGGGAAAAAAGCTGCGTTACAGCGACAAAAGCCGGATCCAGCAGCGAATTGGGAGGCTGGGGTGCTCCGGACCAAGGGAAGGAGCAA,0
GCTCTGTGCCCCCAATAGCTCAGAGGTGAGCGAATCTCTCACGACCTGCCACAAATCAGGCCGGTACCCATGGGTCCCCCCCAGGGCGCCTGGCGAAGGAGTATTGAAAGTCAGCCCCGCCCCGCAGTCGCGCAGCCAGCGTTTGCCGCCTAGGGCTGCCTCGGGTGTTGGAGAGGCCGGGGCGTTTAGGCTCGGAGAGCCAAGTGCAGACTCCCCCTCCCCCAGGTCGCTCCCTCCCTCAAGCCCTGGGGCGCTGCCTAGCGCGCACGCCAGGGCCCCTGCGGCCACTGGCTGGCCAGTCTGCACAAATCAGGGGACAGCCCGGGGACCCCCCCACCTGCCCGGTAGGGGAGTTCCTATTGGCCTCGGCCTTGCCTCTCTCCAGCTGCCCGCCTGGGCTATTTCTACAGCCGCTCACTACGGATAAATAGCGTGTGGAGGGGCGGGCGAAGCTAGGGGTGAGGCCCGCGGATACAGCAGCCGCCGCTTTCCTTAATTTGGAAAGGGCGTGC,0
TGCCCTCCAAGAGCTCGACGGGCAGGCCGGGGCAGAACCCAGGGCCCTGCGGGGGCCACGGCGCCTGGCCCACCCCACCTGGGGCCGAACCGGGCAAGAGATGTCCACACCTAGCGGCGCGACGCGCCGGTGGGGGGCCCGAGAAGGGGGTAAAAAAATGGCAGGCCTGGCCATGCAGGATGTCCCGCGGTGCTGCCCAGCGTGGGGCGGCACCCGTGCAGACCGCGCCCCCAGCCCCCGCGTCCGCCCCGCGAGCGCGGCCAACGCCAAAAGGCCCAGCACCCCAAGTCCTCAATCTCGCTCTCGCTCTTTTTTTTTTTCGCAAAAGGAGGGGAGCGTGCGCCGTTCCGAACTGCACTGTGCGGCGATCGAGCGGCCGCGGCGGCGCGGGGCCAATCAGAGCCGGTGAGTGAGCGAGTTGCCTTTTATGGCGGGCGCTCAGTGCCCAGCGCCCTATAAAACCCCTTCTGCAGGAGCGTAACCACCGCCGAGACCGCTCTCCCTCCTCCTCT,0
AGCACTCTGGGAGGCTGAAGTGGAGGGCGCTGCCGAGGTCAGATGTTCACTCTGTCTCCAAAAAACAGGGCGAAACACTGGGAGGCTGAGGCAGGAAAAAATTAGCCGGGAGCCACCGCACTCCAGCCTAATCTCAGCTATTCATGCAACGGCCTCCCAGGAATCACTTGAACCTGGAGCCGGGCGGGCACGGTGAGCCGGGATCACGGGAGGCGGAGGTTGCCTGGGCGATAGAGCAAGCACATTGATTATCTGAAATAAATTAAAAAACCGGAGCCCCAGCCCCACCATTTGAATGCGATTGTGGTGGCAGGTGCCTGTCTGGAGGCCCCACCCCCTTTTCATCAACGCCTTGTCCCCCTTCTCCCGAGCCAATCCAGCGTCCTGTGCCAGGGGAGAGAAGACCAGCCTGGCCGGCCGGCCGTGGGGCAATGCATCCTGAATTTTGCACAGGGCTATAAGAGTCTCTACTACAAATACGAGGGGCAGAGACCCCGAGGCAGGCGGATCAC,0
CTGCCCCCTCCGCTCCAGGGCACAGGTGAGGCCCTACAAGTGGCCTACGGCCCCCAGCCCCAGCGGGACTGGACAGCTCCGAACCAATTTAAGAAGGATCTGCAAATTCTGCCCTCAAAAGTGTCCACGAGCACTCCGACGTGTTGCTTTGATCGCCGGAACTTGGAAAGGGCGGGTTATTATTTTAGCACCCGGAGGGCGGAGGTATCCCATAGTGTTTCCAAAGTTTCCCCTTGAAAGGCAGACAACGAGTCAGGTCCTCAAAAAGAATGCTTTTGCCGTATAAATCCAGCCCCGTGGCCACCCATGTCGGGGCTGCAGCTCCCTCCTCTGCGCTCGGCTAAGTTGGAGGCAGCTGTGGCTGCCCGCCCCGCAGGCTCCTCCCCTCCCATTGGTGGAGGTCCCTTCCCCCATTCCCTAGGGCCAGGGAAAGCCCTTTTGGAGGCACAGGGCAGATCCGGGCTCGCTGGAGCCCTCCACACGGCAGCAGGAGGTTGGAGGGCGGGAGGATG,0
CGCCCCTGGGGACTCAGAAAAAGGGCCCTCTCACGGGGCCTTTTCTGAGAGGCGGCCCCGACCCGAAGGACTTACCGGCTTGTGCGCGGGGGAGGCCCCCAGAACTTGGTGTCAGCCCTTTCTTTCCCCTCCCCATGGAGCCTCCCGGCCTGAGAAGAAAAACGGCAACCAGCGGGGGTCCGACTCCGTGGGCCAGTTACTGCCCGGGGTTGGGAAGGCAGCCTTGGGTGGCAGCTCGCCACACTGCCGCCCTCCCCACCGGCCCTCATCAGCCCGCCGCCGATTGGCACCCGGGGGGTCTCTCCTTCTGAGAGGTCGCGGGGGAGGTGGGGGGGCTGGGCGCCCGCCCGGCCTCAGCGGAATCCCGCTCCGAAAGTCTGGCAGGGGAGCCCCCGGGGAGCCAGCGGGGGGCGGGGGCCCCCGCCCGCCCGCAGGCGCTGCACTCCAGCCTGAGCCGCTATATCGAGCGCCTCCCCAAAGCCGAGGCCACCGCCGTCCCCACCGCCATCCGC,0
ATGGAGGGATTTTAGATCCCGTGCCACGTGATTGGGTAATGATGGCAGTCCCTTTCTCCAATTATGTACCACTGAATGGGGGGAACTATCTTTAGGTGTGGCGGAAATATCCACCATTGGCTGGGTAGCTGCCAAAATTGAACATTGAGCTGCGGAAGATGGTGACATGTCAGTTTAGGTCCGGGGGAAACAGGTGCTAACCCAAATCTCATTAGATGTCACCCGAGCACCCTGCCTTCCTGGGGAGTTTAGGAGGCCCCCCCCCGCCCCCGGATCGCGAGAGGGGTACCTGATGGTGCTTTGTCACAGCTCAGGGGCGTCTTCCCGCCCAGGGCTACTTCATCCGCCATGTTGGAGTGTTGACCAATGCAGCCTGGAGTTAGTGATTGTCTCGTCCTGGTAGGTCATACAGAAACTATACAGGGAGGCCAGGACGTATAAGGCCTTCCGACCGTTGCGAGACGGCCTCGGGACCTCCGGGAGTCCAAAGCCGAGAGTGTGGAGGAACAGAA,0
AAAATGACTCATCAAATCCGCGGTATCTGCATTTTCTCTTGTAAGAGAAGAAATAACTTTTTCCTTAGAATTGCAAACATTATCTTTCCAGTAAAGAAATCAATTCACATGGCTTTTTTCCCTGGCTCCCAGTTCAAAAACCAGTCTCCCCACCCCCTTACTGTCTCCATTTTTTCAAAAAATTAATCTCTTACCCACATTGGATTCAGGAGCTTCAGCAGTGAAATCAGCATTGTCCTTGAAAGCTTCATTCTGCATAGCCTTTTGGAGTCTTGAAGGGATTTCCCTCTGTATTTTATAGTCTGAAGATGAGGAAAAGCTGCCAGGACAGAGAGAATTTCCTTGATGGAGAGAGCAACTGAAGGGGTCATAGTCGTTATTTATCTGGGTGTCTGTTAAAAGTAGAATTTACTACTTGCCCTGGGTTTCCCCACCCTTTATAAAGCACCCGCCTCTGCAACAAGTAATAGTGGAACTTGGAGACTTTCTATTTCACTGGAAGTGTCTTCTTT,0
CTAAATAAACTTATAGTTCTTTCAGCTGGAGTGCTTATCCCCAAAGTTATAGGATGGGAACTAGAGATCACCCAACCCTAAAGCTGAGGGGAATTGAAATATTGTTTGCTAAATTTCTGCATAAAGTGGCTACAGCTAGCTTACATCACTACTACTGGGGTTCTTTCACGTTTAGACCCCACCCTTAGAAAACCTATGCTCCTCTTTTAAAGCCTTCAGGGCCACTGTTCCTGGAATGTGCATTCTCAAAGCCACCGACTGGAGAATCAAATATACCAACAGCATAGGCTTATCGGAAGCAAACCCAATGATTAACCAAAAGCAAGAATTTCTGGGAATATGGATATACCCTAGGAACAAAGGACGTACTAAGCACCTTCTATATCTACACAGGACAAAGAGATCTCCTAATTGTTCCTCTTGCAGATTTAAGAGGGAGGGTTGACTGGAGTGGCAGCAATCCTATTTTTTTTATAAGCCGCTCCTCAGGAGCCAGGCTACCTTTGCAACAG,0
GGGCCTCGGCGCCCTCCGGTAGAGTTTCGAAAAGGGCTTACGAAGACCGTATTAAAGGCGTCGCGCCGGGGCTAGGCTTACGGCGGAAGCAGCCGAACCAGTTCATTCATAAAACAAATGTTTGTTGAGCGCCCATCATATGCCATTGGCCATCACCGCGGCTGGGTGAGCAATACGGAAATATCCAAAGGTAGGTATGGGTCCCAGGCGGAATACGCTCTCGGCCACTCGGAAATCCAGTCGGAGGTGGGGACCGACTTCCGAACGGTTCCTGGAGAGATAACGCTGCCCTCTAACCGAAGAGACCTCTCGAATTGGAGGCGTTGAGCGAATTTTAGGTGAGCGTTCGTCTACATCATCGAGCCGCCCTCTTTCCGTCTCAGGACAACTCCTGTCGTGCCCGCCCGGAGAGGAAGCGGAAATGCGTGTACGTATAGTTCACGCATTCCTCGCCCCTCGCCTTCTTCCGAATATTCCCGATCGCCGCTGCGAAGGGAATCACAGTGACAAGT,0
CATTTTCTTTTGTGTATGTGAGCATACGGCTTGAAATAAACTCTAATATCATACGTGTTCATTTTACCTTTCTCCACATCATAAAAGGCAACATAGTCTTGTTGAACAATTTGGACTCTGAACTATTTCATAGCTGGTAATAATTTTGCAGCAGAGGAAAAATATAGTTTAGCTGGCAAAATAAGAAACTTCTTTTTAGAAGCCATACCCATGACCTGCTGCGATAAAGGAGCTTATCGTAAGCCTATCTTCTTACATAAATTTATCTCATATAATAAAGGAGTATATTTCCTTCCTTCACCTCATCGATAGAACAGGAAATTTTCTCATTTCCCATCATAGTCATCATAATAATGTCCTACCCTATTTATTAGCGTTAAATTTTCCACTATTCATTTTTATCATAATATGGAATTTAACCAGAAGATTGGGCCACTTTGACAACGTTTACCATGCAAGCATAGATATTTTTGTTTTTACTCTGAGCCAGGGGTGAGATTTTTTTTTCTGCT,0
TGTGTTTCTACCCATCTCCCTATCTCTGCCACTCTCTGTCTCTGTTTTGTCTTCTTTTTCCTGTCTCCTTTGTATCACTCGGGGGAAGAGGCACCACCTCTTTCTCGATTTCTGAGCGACAGGGGAGGTCTCTCTCTCTCTCTCTCTTTCTCTTTCTCCCGTCTCTGTCCTTCCCTCCTAGGTCCGACATTGGACACTCTCCTGGAAATTTCTCTAACTCTTCTGTGGCCGGATTTCAAGCGATTCTCTCTGAGTCACCCAGAATCCGCCCCCCCAGGGAGTTCGAGTCCTTCCTCCTCCACATTTGGCTCCCAGCAGCCAGCCTATTGTGTCAGGCCCTGTCACGAAGAGATGAAGGGCCTGGGGGTCTGTGCTCTGACTGCTCTCAGCCACTTCCCCACGCATCAAAAACTGAATGTGCTCAGCAAGGGCCTCCCCAACACGGCTGCTCTCGTCCATAAAAGGGGCTTTGGTGGTGTTGAACTGCCATTTGAAGTGACAAACAGCACTAC,0
TCTGATGAGACATGAGCCCACAACATTATAAATCAATGCATTAATTTAAATTTTATCCCTTTGATCCAAATAAATCTTCCCAGAGCTAATTGGCCCAAAAAAAAAAGATTAGTGCCTATAAGTCCTTACACTTCAACATGCTATCTCCAAGTCAGTTCTGGAAAAATCTTGCAGGGTAGACTTGTAGATTAAACTTTCAAAAAAACTCATAAGGAAAGACGGCTAAACTTACTAAAGACCTTGTTAAGGTTTGTGTAAAAAATGCACCCCTTTTAAGTAAGATTATGCGAGGCTTTCTCCAGAGACCAATCACATCAACCTGGGTAAAGAAAGACCTAAAGGAAATATCTCATTCTTTTCCACATGATGTAAAACCAGTCCAAGCCCTGCAGGCTAAGTGGGTCCTGATTAGAGGGTCAGCTGAAACCAGCCTCCTAACAAACCAGCACAGAGGAATGTAAGCTCCAAAGACATGGTGGAAAGAGAACCTACAAACAAGAAAACTAAGAAAA,0
CCCGCTCACACACAGGGCGAGGACAGAACGCCCCACAGGCCCCGCGGCCGCCGGAAGAACGCGATCCCCCGGGACGCCCCCTCCCTTGCCCGGGCCCGCCGCGCCCGGCTGCGCGGAAGTGGGCGGTTCTGCCCCTCTCGCCTCTGCGGGCGGCTCAAGGGCTGACCCGGCGGGGGCTCGGTCGTCCCAGGCCGCGCGGCGTCACAAACCGCCCTCGTGGGGCGCGGGGTTCCGCCGAGATGCTCCCGGCGCCGCACAGCTCGACTTGCAGTCCTAGCGGACTTTGGCGGAGACGCCCGACGCCCGTCTCAGGGCGGAGAGGGGTGCCCTCCGTGGCGAGGTTATAAAAGGGCGTCGCAGCGGCCCCGTGTTGTTTGGTCTTTATGGGAGCGCCGGCTCGGCGCCGCAAAGCGTCTGGGCGCGCGGCGGCGGAGGAGGACGGCAGGAGAAGAAGCCGGCGGTGGCCTCACGGGGACGCAGCGGCGGCTCTGGGCGCCGCCCACCTCACCCCC,0
GAATAGGATGTCCTGGATTCAGCAGGGTTAGCGTGAAGTGTTGATAAGGACAAGTTTCCCCTAAATATTACTGGGGGTGTTAGTCATATGAAAGCTACATTTTCTTGATAGGCTTCAGCTTCCCAGACGACAAAGAAAAAAAGGGCTGACCGGTGTGGAGATGTCAACAGACAGCTAAATTCACCTGCCTCTCAAATAGGATGACTTGGGGGTGGGAGTGTTACGATCACCACCAAAGGACATTGCTGAGCGATGTTCTTCCTGATTCACATTCTGCTTATCAGAAAGTTGTCCTCCCCTCCCTGTCCCCTGACTCTTGAACTGAGTCTGGAATGATACAAGACTCCTTCAGGAGTTGGCTCCTAATGGCAGTGATGTGGTGCATTCGGTTCCCAGGTTGACTCCAGGGATTCCTTGGCCCCAGCTATATAAGAAGATTATCTCACCCGGGCCCAGCAGGGCCAGATATGTAGGGCATCTCCACGACAGAAAAACAATGGCCCTCTCACATT,0
CAGGCTCTGCCAACTCCGAGTACACGTGTGTGTGGGCACAGGGTGAGCTTTAAAGCAGGTTGCACCCAGAGCTATTTCTGACAAGGCCCCTGCGTGCCTGCCCAGGGAAGAGTCACTCTTTCCCCTGCGAGACCGCCCCGCCCGTGGCATGCCAAAGCTCCTGCACAGCAGCCAGCTGTGTGTGTGTGTGTGCCAGAGGGTTGGTCAGCTGGAACACACAGAGGCTCCAGCAGAGGGATTGCTGCCACACCTTCCCCTTCATTCTTGCTGAGCCTACCAAAGTGGGAGTGTGTGTGTGTGTGTGAGCCACATGGTGGAAACAGCGCCCCTGGTTCTGTGTTTTTATTGTGCTTTCCTGCTGGCTTCCAGCTGCACCGCCAGTTCCGGGGAGGGCCCTGGGGTCCTGGCCTCGGGACCCCCCTCCTTTATAAACCAAGTGGCCCCAGGCAGCCCGCACAGCTGCCCAGCCTGCGGAGACGGGACAGCCCTGTCCCACCCAGCGGCTGTCCGCC,0
GTTATTCTGCCTCTATAAAACTTTCTTGATATAGATCAGCTTTTCCATGGAAGAGAGGTGCTGAAGATGCCACCTGTACTATCTATATATAGAGATAAAATACTTTTCAAGTGCAGAGAAGGAGCCCCTACTCTATCTTTCCCCATTTTACCTGTTTGTGAACAAATTCGGACACCTCATTTTCCTATTGGTTATGCAAAGCAAAAAGAGGAGGACTGCATTACGCTGATAAGATTAATCGACAATCTGGTGTAACGTGTAATTTCCTATGCCATCGTTAGCTTCTCCATTTTTTAAAAAGGTTCCAGCAGCAGCCCCAACTGATTTCACAGGAACTGTGGCCTCTCCCTTCAGGCATTTTTTCTCCTGACAGGACAGTTTCCATTGGCCCCAAGTGACTTAAAGAGCAAATTATGGAAAATTTCCAATGTATGGAAGAAGCCAGGTTGTTTCAGCAATTTTAATGAAACTTTGTAGTTAATCTTTGTCAGCATTGAACTCATTTTCCCTCG,0
TCCCTAAATTAGATATGAATTGAAGTCCTGTACTTATTGTAGATAATTAACACTTGCTTCTTTACGTTTGTTTTGGAAATCTGTAGTTTGGATAGGAAATCATTTGTGGTGTTGTGATAAAATCATTATGAGCAGCTGTGGGACTTTCAGAAGTGGAGCAAGTGCAGGTGTGTGTCCTTGCTTTTCATCATTTGTCCCAGACTACTGGAGTGGGAGTGGTGGGCTGTTTTCAGTTTGCCCAAATTTTCCTTTACACAGCGTCATAGAATTGATAATTTGAATCAGCTTTGCTCTTCCCACATGCACTACTGCTTGTTTTCTGCCTCATTTCTTTCTTTTCAGTCAGGCACAGGTCCATATCAGGTCATATAGCTTTAGACTCAGGAAGTGCAGTTTTCCACACTCAGTTTTAGCTTTTCAGTACTCTAAAATAAAACCAGTCACTGCAGATAGATTTCCATTGCCATTTAAAAAAAAAAAAAGAAGTGATCTGTAGAGAAGATTCTTCCATA,0
CAAATAACATTTGAGTGTGATAACCCCCAGAGGCAGAAGTAAAGGGAACTCCGCACGTGTGAGACCCGGAAGCCTCTGGAATGCCGAGTTGCTGAGCCCTTGCGTGATAGGGTGTCACTTCCGTACCGACCAAGGCACTGTCGCCCAGTGGAGACCGGGAGTGCAGGGCCCCAAGAGGCTGAGACCTCGCCCAGGCCTGACTCTTCTATGGCTGCCAGGCCTCGGCGAGAAAGGCGGGCCCTGCGAGCCAGGATTCTGCGGGGCGGGCCTTCCCTGCGGGCCGGAGCGGAGTTATCCAATGGTGGGAGTCGGGCGCTCTAACTAGGAACTAACGTCTTGCAAGAGATTGTGGCGCCGGCAGGCGGGGCCCTACGGAGCCACATGATGCGATGGCCGGGGCCTCCAGCCAATGAGGCTAAGTTGTCGATAGGCCGGGGCGGCCAAACCATTTCTAAGGATCATGTGGGCACTCCGCCCTAGCCGGTAAGAAAGGCATACCTTGATAGGCACTC,0
GAGGGCTCTTGGGCGAGATGAGACATCACCCACTGTGTAGAAGCTGTTAAGTCCCTCCTCCTCACAGCCACTCCGGATGGGTATAAGAGCCTCCAAAGGACAGTCTCCTCCGGGCTGCCACCGCGGCCCGCTAGGGTTCGGGGGGGAAAGCGGAAACTTTCGGCGGGGAAGGAAATCAACTCCCAGACACCTGAGGAAGGCGACGGGGACCGCTTCCTGGGCTGGGCTAGGAGGCGGGTGGAGGAAGGGAGGTGGGGGGCCAGGTCGTTTTTGAGGGGCCGGCCGCCCCGAATTGTTAGACCCCAGGGAAGGGGGAGGGCACGGGGGAGGGGGACTCGCCCCGCGCCCGCCGCCTATAAAACTTCGAAGCCATTGCTGCTGTCACGTCAGGCCAATGACACGCTGCCCGCACGCTCTTCCGCCTGCACGGAGCTGCTGCCCCCAAACTGTCTGCAGCTCTCGCCGAATGGTTTGGGAGGACGCGGGCTCTGCAGCACCGGCACCGTTTCCAG,0
CAGAAACCGAGACCAATGGGGGGAAGAGGAGGTAAACTAGCTGTCGGATTTCAGACGATCTCTCGAAAGGGGGACCCAGGCTTCCCCATCAGCCCTCTCCGTGCCTCTCTTTGATTACCCTCCGAGTTAGGACCATCTGACAGTGCTCTCCTTCCTCTTTGATGCCTCTCTCTTGGCCATGTGAGGGGATGTGGAGAGACACCAGTTAGCTGTCTGGCCGCTCTTCCCTGAGGAGTAGGGGATACTAGCTGAAGCTAGGAGCTGGGGCCTCCCAGACTGTTGTGGAGAAATTGCCAAGATGTCAGACATCACTCCCGGCCGGATTAAGCAGACGGGGACCTAAGGAAGGACTAGCCAATGTCACCTCCTGCCCCTCCCCCTCCCCCCCCACCTTGGCCGGGCTTATGGTCACCGGCCCAGGCCATGACAAATAGAGGGATCCCGAAAGCAGGCTTAAAATCTCCTGGTGCCCAGTCGAGTGTTTCCTTCAGCCTCTTGAGGCACTACAGAGA,0
TCCTTTTTCTGACTCCACATTAGTCACTGTTATTGACTCTCTCTTCATAAAAAAATGACTGTAGCACCTTTGATAAACTGGCCTTCATTCTTTTACACATATTTATTTATCTTTATTTGAGTCTGAGTGAAACCCTAAATATAGTTCTGGTCTAGTGGTAACTGGTGGATAGTCTGTATTATGCCACTGTCAATACCATCATCTCCAACACTTTCAGGGAATGCTAAGAAACTTTCTCTGCAGAGATAAAAATAATGATACTGAGTCATTGCATCAACTAAGTGTACCATTCCCATATAAAGTTGTATGCCTGCTTAATATAGCCTGGTCTAGCAAATTTCAACAAAACTGATGGTTTAATGCTGGTGGATCAGGTAGGCAATCATTGCTCAAGAGTTGATTCTTCCTTTTGAATAACTGAGTTCATCTGTTCTTTGTTACTCTTTGATCATATTAAGGAATAAAAGGCTCCATGGCTACCTAATGACTGCAAGTTCCGTGTCCTTTTACCA,0
TACTATCCCTAGTGCACCGCGCGCTCTCTGGCGCCGAGTGAGAACTCCAGGCTGGGCCCCAGGCCGCTACTCCGCGCATCCAAACGACGGGGGTCGCCGGGTACCGGCTCCAGTTAGGGGGGGCCCCGGGCCGCGGAGGCTCAGAGTCCAGCTTTCCACCGCCCTGAGTCACACAGTCACCCCCTCCCCGCATCCCAACGCAGAGAGAGCCAATGGCCGGGGTCCCTGAGCGAGGCAGTGACGAGCCGATCGGCAGGCCCCGGCCACTCCCCCCGAAGTCACCCAGCGGAGCGCCGCCCAGGACGCCCACACACCCCTGACCCGCCCCGAGGTCCTAGAGGTGCGCACACTTCACACCGGCGTCGCCACCATTTTGCTAGAGAACTATAAACGCTACGGTCAACAGCGAGCGTGCCAAGAGGCAAGAGGTAGCGAATGCCCTCCGCGGGGTCGCTAGTCGCGGGCCAGCTTGCCTTACAGCCAGGGAGCAGGAGACTCCCCGAGTGAGCACG,0
CTATATGGCATCCAACGGTTGTTGAGAAAGGACTTATAATTGCAGACAAAGGTGAAGCTGCTGTGGTAGAGACCTACCAACCAGCTTCCCCTTTGTAGTGGCTGAGTCAGGATGCCTGTCCTCCAGCACTGCCTCCCAGGGTCTGTGTGTGCTGGTCTCACATGTTGGCAGCCAGCAGGGACACGTGCCCACGCCCATCCCTGGCTGGCGGACTCTAGTCACCCGTCAGGGTAGGGTTGGCAGGTAAGAGGGAACCGGCCAGGGTTTCTGCTAGGGACCCTTTTGGGGCAAAGGAAAGTGCTGCTGTCTGCAGTGATCCAGGCGAGGTCAGGGCCCCAGAGGCCCCCCTAGGGCCCAGGCCTGCTGAGCCCCTTTTCCCTGCCCGCCACAGACTATAGGGTTCAAACTCTGGTCTCCTATAAAATGGGGGGTCCTGATGTCTGCCAGAATAGCACCTGCCCGCCAAGCCACACAGCGCGCGGAAGTAGCAAGTCCCCAGTCCCCCACTCCCT,0
CAGGCTCCCAGAATCTTTGCGCCTCCGCCGACGACGAGGACACAGGCGAGCGGCTGGGTCTGGATGACTTGGTCGATGTCCTCCACGCCGCACACGTAGAGAGAAGCAGGCACTGGGCCCGGGGGCCAGCCTGACTCCTGACCTATAGATGGAGTGACCTTCTTGGCCAGCTGCCTCGCTGCCGCGCAGGACGGCGAGAGAAATGGGACGCGGTGAGTCACGTGAGATTTCGCCGAAATGCAGTGGCAGAGCGCGAGAGAAACCGGCAGTGCTGCGGCGACCCCTCCGCTTTTCCCACCTACCCGCATCCTGCCCAAATCTACAATTCCCAGTAGCGAATGTGGACCTTGGGGTCCCTGCCACGCGGCTCCGCGGCCCCGAGGCGGCCCACTGGGGGCGCGTCCGACGAGGAGACACCGCCCCGTAGAAATCGGAAGCGGACTCGAGGCGCTTGCTTCCTGTTTAGGAAAGGCCACATCTTGGCGGCGGCGCCGGTGAAGCCCAGGATCATT,0
