,sequence,label
13223,AAAAGAAAGCTGGCCACTTGCATTTCCGTTTCAGTTTATAGAATACATGTTTTGGAAATAGTATCTTCTAGATCTGTCTTTTTCTCTTCTGATTTAACTTAGTAAAGCTAAGTTTTATCTCTTCATAGTCTTGCTTTTGTTTCAAAAGCTTTTATGAGATTTGTTTACTGTCTGTGGCTATATGGCAGACAATTTGTTCAAGTGGC,1
9460,TTGATGATTATCAGTTTTGCTTAGTAGACTGGCAATATTTAGTCTTGCTGTCACTGTGTTCCCAGTGCCTACTAGATTGCTTGATATGTAGTTGCCACTCAATAAAGATTTGTTGAGTCAATGAAGATGACACTTTGTTTTGCTGGAGAAGGAGTGGTGACCATTCTTTTTCAGAGGTCCAGGGAGAGGGAGCTAAGTAACTGAGT,1
17565,GAATTTGTGAAATATTGTCATAAAGTGCTTTTTCTTACTGTAATCTTTGTGGTATCAACTGTCATAATGCTCTTTTTACACAAACATTTATGTGCAGTCACATAAACATGCTTTTAAAAACTCTGTAAGTCTCTTTTTTGGGGATGGGATCTCTATATTTTGTTGGGTTTTTTTTGCTAGTAGTGTGAAGCCATGTTTTATTGGAC,1
17031,AAAGGAGGTGTTTTCTCCGCCTCCTGGTCGATGTTATGTGTGTTTATTCAGCAACTGACCTTTCATAGTGTGATTGGCAACAGATATCCTCCTGCTAGACATTAAAGCAAACACATATTTAACTTGAAAATGTGTTCATTTTCATGCTTCTTTCTTTCTCATTGCCCATTGCTGTGTGATCAGAACTAGAAGGGGCGAAATACAGA,1
3289,GGGAGAGAGCCCAGAGAGCAGGCTGCGAACTCACTTCCAATGGGATTGGAGTCTGTTGTATTCTTAAGAGATAGCCTGATATGTGGTTTATAGGTGAATCAATAAACACCAACAACAACAAAAAAAAAAAAAAAAAAAAAGGAAGAAAAGAAAAAAAGGAAACCAGCCCTGTCATGGAATTTCTCTCCTTCCCTGCACAGTAAAGA,1
3283,CAGGCTAAATTCAGGCTGTCGGAAGATAAACTCCACCTCTCAATGGAGAGAGTTCAAAGCAACTGTGGCCATCTTTACCCCATCAGCTTTCTTGCCAAGAAATAAAGCTCTACATGACACATCAACTTTCATTTATTTAACATTTATCTCAAAAGACATGAGTTAACTGGCAAATAATATCACATTCATAGTAAAAGTCTAAGAAA,1
5326,AAATAAATAAATATATGTATATGTGGGGACAGGGAGTATGTGAGAAATTTCTGTACTTTCCCTTCAATTTTGCTATGAATCCAAAACTGCTTCAAAAAATAATAAAGCCTTAAAAAATTTTTTTCCAGTATGTGTGTATTTTCACTTCTATGTAAGTCACTTCATCCACACTTTTTTTTTTACAACTTGCCTTCTTTTTTTTTCTC,1
5313,GAACACCAAAAGTAGACCTGTCCCAAGATCTGGGGATGAGGACACAGAACCATATTCTTTTATCTTCCCCAAAACAACAGCTCCTTTACCCCTTCACCTAAATAAAGCCCACCAGGACTCAGTCCTTAAACTAGGGCTGTTAATACTACCCACTGATCTAGAACCCAGATCTGGAACCAAAACTGTTTCCTTCAAGGTACAGAGGT,1
9580,TTCCAGGCTGAAGTGATTCATTCATTATTCTAGTCCTGCTTTAGTCCTTTGTAATTTGTGGTAATTATGCTTTTCTTTTTAATACAAAAAAATGTATAAAAATAAACACTTGAAAAGGCAAAATACTGGCTGGTCTTCCATCTAGGTTACTGCTATTGGGTGTGAAGGATGGGTTTCTGGTAGAGTTCCCCCAGATCCGGAGGAAC,1
2057,GAAAAGGGGACAGGGGAATGAGTAAACTTCTTTTATTGCGGACAAATGTGCACATAGCCGCTAGTAAAACTAGCCTCAAACAGGATGCTCATAGCTTAATAATAAAAGCTGTGCAAAGGCCATGAATGAATGAATTTTCTGTTTATTTCACTGATGCACACATTACCTCATTGACAATTCAGAAGTAAATCCAACGTGTGTTGACT,1
1661,CCCTGGACTTCGTGCTCCCTCCCCTCGCTGTCGCCAAGAGGCCTCCTATGCCCCACCCCCCCAACAGGCACGAAGCATCAATGTTCACAAGCAGCAAATGAATAAAAGTTAAACGTTCTTCCTACTGCATTTCTATAAGGATTATTGGGTCAGTCGATCTTGAGGTCAACACTATAATTAAAACTAGCTTTCACCATCCCATGCCT,1
17863,GAAGGAGCATAGGCTGGACTGCCAGCACTCATAGGAGGCTTCGTGTGTGCCCAGGACTGCGAGAATTAAATACAGGACACCCAGTTCAGTTTGAATTTCAGATAAACTATGAATAATGATTAGTGTAAGTATATCTCAATTTAACTGGATAGCTTGTATTTTTCTTTGCGAAATCTGATAACCCTAGATGTGCCAGGGACTGTGAT,1
16292,TCCATTTAAAAATTCAAGTACACACATCAGTGTTGGTTACTATGCAGAGAATGTCATTGTGTATAGTTTCATGTAATCTGTTATGTCAGCTGTATTTTTTATTAAAATCATGTCAAGAAAACGTGTTGTCTGTAGCTTGACAAGATATTTCAAATGAGAACTTTTTGTAGCGTCTGTTGTTAGCAAAGAATAGATTCACACAGTCT,1
8492,CTGCATTTTGTTGGCTTCCTTCAGTCCTACCATATGGTTCTAGGTCCCTCTTACGTCATCTGCATAGCAGACTATACCTCTTCTGTCCGCTGACTTGCCCAATAAATAATTCTGCAGAGATTTCTGGCTCTTTGTCAGGTCGTAGGGTAGAAACTTAACTAACCACCCGGGTGCAGTGGTTCACGCCTATAATCCCAGCACTTTGG,1
8474,AGTATTTCTGTTGTTGTGAGACTTTAGGACAAGACAACATTTGGTGTTAACATAGAAGAATATTCTATGGCTTTTTTAGCTTTAAAGTTCATTACTCTAAAATAAAGTACACGTGGTATTTTTTTCTTCCTAGTGTTCTCTTATTATATGTAGAGTATTTTCGGTTGTTGTTTTTAACGTATACATTATTTTTATTAAGTCATTTC,1
16762,TGTTAGCACAATGTGAGGAGGTAGAGAAACAGTCCACCTCTGTGTCTACCATGACCCCCTTCCTCACACTGACCTGTGTTCCTTCCCTGTTCTCTTTTCTATTAAAAATAAGAACCTGGGCAGAGTGCGGCAGCTCATGCCTGTAATCCCAGCACTTAGGGAGGCCGAGGAGGGCAGATCACGAGGTCAGGAGATCGAAACCATCC,1
6354,TGAATATCATTCTGTCCTCAGCTGCATTTCCAGCCCAGGCTGTTTGGCGCTGCCCAGGAATGGTATCAATTCCCCTGTTTCTCTTGTAGCCAGTTACTAGAATAAAATCATCTACTTTAAAATCTTTCATTATGAAATATGCATGTGGTCTTGAAAAACTGCAAATGAAAGAAGAGTATGCAGGGGAAGAAAATCTCAGAATCCCA,1
1583,ACATGTCTTCTTTCAGAATGGGAATATATGTGTGCCTCCCAACATTTACTGTTAAAGTGTGTTATCTTTATATGTCAAACTGGTTGAACACTGTAATGAGAATAAACTGCACAGAGTTTATTCTGACTTATTTCTCATTTTGTTTGGTTCAGCCCTTGTGTGATGAAGTAAATACAATGATTAGGGGTGTGTTTGGTTAATTGACT,1
8257,GGCTTAGCAAAGATGTTGGCAGAGGAAGCAGAGACTGGGCTGGGTCTCGAGTGGCCCAACTGAGTCCTCTCTGTCTCCTGTGTGCTCCCTTCCTCACCTGAATAAATTCATGTCTCTCTGGAGTCTTGAAGGCCTGCTTAAGGATGCAGCCACCATTGCCAAATCTCAGCACCCCGCCGGTTCATCATTTAACCCTAAGCAGATGC,1
1787,AATCTTTCCCTTTTGAAAATACTAAAAACTAAGTTATGTTATTATAAAGTGTAAAATGGTTTGTCTTAATTATAGGAGAAAAAGGCCTTGTTAGAAATAAAATAAACTGACTTATTTCACTAATGAAAACTTCTGTTTCCTTTTTGTTTTCTTGTGAGCACTGATACCTCAATACATTGATACCTCAATACCTTTGAGGTATTTTT,1
4798,ACAATGTTACGCTAGAATAAACACCAAGGCAGTCAGTTAAGGCAGCTATGGTTTGGAAAGGCATACGGACAGAGTCTGCTTAGAAGAGATACAAGTTGTTAATAAAATTGATCCTGTTGATAGTAGTTTGTTTTTGTGGTGGGTGCTGTGAAGAGTAAACATTACTCAGTGGAAAGCTAAGTTCAGAAGGTACTTTGTTTTTCCTC,1
1216,TCTAGTCACATGGGCAGCTGGCCAGCTACATGTTAACAAGCGCCTCAGAACTCCTAAGACACCACCGGCCTCTGTTCCCTTCAGTGCATTCTTGTAAATAAATAAATAATAAAACCTGCCTTTACCACCCCCTCCAAGGTGTGGATCTTGTAAAAAGCGTGACCCAGTTTTGCAATCTACAGAGGCAGCTTGGGGAGCAGTTGTAA,1
1382,ACTTAGGAGAGAGACATGGAACAGATTTTCCATCGAAGCCTCCTGAAGAAACAAAACTTACAACTTGATTTTGGATTTCTTGCCTCCATGACTGTGAGAGAATAAATTTCTGTTGTTTTAAGCCACCCAGTTTGTAGTCACTTGTTAAAGTAGCCACAGGAAACGAATACAGTTATTGGTACTGGAAAATAATAAACACACCTACC,1
11077,CTCTAGAAGCAGAATTTCTGGAAGAGCCAAGAACAGACTTTGAGCCTATATCTTCAAAGCTGAAACTGGATATCTTTCAATAAAATATGTGCACTTTTAAAATAAAATGACTAATTCTGTGATTCAGACAATAGTTTTAAGTTCAGCTGTGCTTAGATTTCTTTCAGATTAATTTAAAATTACAGATTTTTACTTTTAGAATTGCA,1
17376,AACCTTTTTTTTTACAGAGCCTAATTAATAACTTAATGACTGTGTACATAGCAATGTGTGTGTATGTATATGTCTGTGAGCTATTAATGTTATTAATTTTCATAAAAGCTGGAAAGCAGCTGCCTGTTTCTGTCTGTGTCCTCAGCCACTCACTGAGCCCTTCTGCCTTAAGACTCCGTTAGAGAACACACTGAGCCCCAGGTGCT,1
5977,TTTTAAATGTACAATTAAATTTTTATTTACCACAGTGTTATTTTTATCGTCATAATAAAAATTATATACGAGTATAAATGAAATTCATTTCTAAATTCTTAATAAATATTTTCTCATGCCAGGTGTGGTGGCTCACGTCTGTAATCCCAGCACTTTGACAGGCTGAGCGAGGGAGTGGATCTTGAGGTCAGCAGTTCGAGACCAGC,1
1875,TACCCTCACTTTCATGGGACATATGAGGAAATTAGTGTTCACATATCCAGTCTTTTTCCAATTATTGGTGGTGTTGAGTTGTTATGTTTACACTGTTTTAAATAAAAAGGCACCGTATTTGAAAGCATAAAAGATTTCTTTTACTGCAGTTTTGGAAAACCTTGGTTAAAATCTCTTTGTGGAAGACACATTCCATGGAGAAGGAA,1
12782,CCTCGAGAGGGGCCGATGCCCAGAGACACAGCCCCCACGGACAAAACCCCCCAGATATCATCTACCTAGATTTAATATAAAGTTTTATATATTATATGGAAATATATATTATACTTGTAATTATGGAGTCATTTTTACAATGTAATTATTTATGTATGGTGCAATGTGTGTATATGGACAAAACAAGAAAGACGCACTTTGGCTTA,1
4075,AAACAGAAGGAATGGGATGTAAGAAGGCACCAAGAAAGATGCTGCTAATGAGAATTATTTTAAGTGCAGAGTAGTGTATGTAATCCTTCATTAATATATTAATAAACATATTTATAAATAATTTTCTATGTGTCCTAAGTACTCTGGGAGTAAGCAAAGGAAGAGAATATATTATTTCTGTCTGAAAAGACGAGACTTAAAATTCC,1
14091,TTTACATATTTGTTTATGATGGCCACAGCCTAAAGTACACACGGCTGTGACTTGATTCAAAAGAAAATGTTATAAGATGCAGTAAACTAATAACAGAATTATTAAAATATATCAGGCTATTTTGGATGGCTTCCGTGTGATCTTTACATTTTCTTTTCCAATTTGTATCTGATTACCCAGTGTAATCTGACCAGCAAAAATACCAT,1
12696,CCTTTCTACCCAGGCCCCCTGCCCTGCCCACCTCAGGCCCCCACCCTCCACTCCTCCCCACGGTACTGTGAACGTCGTGTGACTCAGTGCAGAGACAGATAATATATTTAATTCATGTACAGAAAGGAGCGAGCAGTCTCGTACAGAAAAGCTGACTTTGATAGATTGATGCCAAAGATGGAGAACTGAAGTCCCCCCTCCAGGCC,1
10374,CTTCAATAGCTATGAAAATTAAATCCGATTTTCTAAGATGAAGTTGTGACAAGTTATACCATTGTCTTAACAGGTGAATTCCTGCCATAATTTATTTTCAAATAAATTTTAGGTGGAGAATGTGTAGTGTTAATGTTGGAGATTTTAAGACATCTTGAATTTGTACTGTACCTTTTATCTGAGAGGTTCAAGCTTCACTTGTGTTT,1
939,TTGAAATATGTTTTGTATAAATTTGTCATGTTGAACAGCATTTTAGCATGGTAAGTTCCCTTAGCTATATGAATTTTGGCATGTTTCAGAGAGATCAGTAAATAAAATATTAGATAAAATATATATTGTTTGTGTTGAAGTTTTTAACTTTTCAGAAATTGTTGATTTCTGAGCTGGGATATACTATATTCATTTAGTCCAAAATG,1
12316,TGTTTCTATTACAGGTGAAGGGAAATCACAGGTTTAAAGGAAGATAAGCTGAAACAACACAAACTGTTTTTATATTAGATATTTTACTTTAAAATATCTTAATAAAGTTTTAAGCTTTTCTCCAAAGAAGTCTTGCACATCTTCTGTTAATTTCTTTTTTTCTTTCTTTTTTTTTTTTTTCTAGATGGAATTTTGCTCTGTCGCCA,1
11785,GACCGGACACCTGCCCCGCCCAGGCTGGGACAGGCTGCAGGTCTCAGGATATGCTGAGGCCTGGGCGTTCCCTGCCCTGTGCTGACTCTGTTGCTCTGTGAATAAACACCCTGGCCCATGAGGGCAGCCCAAGCTCCCAGGGTGAAGTCAGTGTGTCCACACTTTACCAGCCAGTGAGGGTGGGGGCTGCAAGTGTTAAGTGACGT,1
788,CCAGGACCTTTTCGTGATTCTGGAGAGGGGAACAAACCATAATAACAACAAACCAGGTAGCAGGATAGAGACTCATTCTCATCTATTTTGGTTAAAAGAAAATAAATGTATTTCTTCCACACCTGATTTTGTGATTGCAAATTCATAACTAATATCCCTCGTCAGCTCCGCTGACTCATCCCTGCCACAGGGAGGTTCACAGCAAG,1
15401,CTCAGTCTTTTCCGCTACCAGATCAGGTTAGCACAGTATAGAGCACTTAACTATTAAAAAAAAAAAGTTAATCCTATTCATATGTTATTCATTGTGTGAAATTAAAGACATTCAATTCAGTCTAACATGAGTTGTGAATTCTTTTGTTTTATTTTCCATCTGGTTTACATCACTAAGGAGTTTAATAGCATTTGGGGGTCTTTGCT,1
8595,ATTGAGGTATAACTGATACACAAACGACATATTTAATGTGTACAATTTGATGAGTTTGGACATATCCGAGGACTCATGAGACTGTCACTGCAATCAAGGTAATAAATGTATTTATTACTTCCAAAAGTTTCCTCTGTCCCTCTGTTTTTGTTTGTAAGATTTTAATAGGCTCAAGCTCAATCTTCATAGCCTTTTTTTAAGTTAAT,1
6140,AGACTGCAGGGAGCCTGGCCCCGGAGCCCCGGGTGCGCCCTGGTCTTTGGAGCAGCCACGGCCCACAATCACCCCCCTTTTCTAAGACTGCCTGATCCGAAATAAAGTATTTTGACAGAACCTTGTTTTGGTGTGGAGGCGGAGTCTGGGGCTCCTCGACTCCCCAGAAGGAGGGGCTGGGCCAGCCTGGGATGGGTGAGTGAGGT,1
15627,TATCTAATTTTTGGATACAGGATGGACATACGTACTCAAACTGTGTTTTTCAATTTGTACTGTATTTGTTTCTCTCGACCTGACTTAGTGATAGAGGTATATTAAAGTCTTCCACTAGCATGGTAGATTAACAAATTCTTTCTGTAATTCTGTCATTTTTACTTTATATATGTTTATGTGTAATGTAACTAGGTGCGTAGAGGTTT,1
2691,CTTGAGTTTCATATATAAGACTGCTGCAGTCACATCACAATATTCAGTGGTGAAATCTTGTTTGTTACTGTCATTCCCATTCCTTTTCGTTTAGAATCAGAATAAAGTTGTATTTCAAATATCTAAGCAAGTGAACTCATCCCTTGTTTATAAATAGCATTTGGAAACCACTAAAGTAGGGAAGTTTTATGCCATGTTAATATTTG,1
10083,AAAAATGTTTGAAGTGGTATCAAGAGCATTGTTTATGCATGTTGTGATACTATTTGTGGAACTGTTTAATGAGCTATTTCAAACTGCTAGAAGAAAATGAAATAAAAATGGAAAAATACTGTCAAATTTTGCCTGTCTGGACTTTTTAAGTAGTATTAAAAACAGAAATTCAAATGAAAGATGTTTTATAAATTGGCTGATCAGTG,1
10404,AGAGAAAGAGGAGGAAGGTTCCAGGCTCTTTTTAACAATCAGACCTCACAGGAACTAATAGTGTGAGAAGATGTTTAACATATTCTAATAAGATATTCCTAATAAACTGCCATGAGATAACTGCTGTATTAGTCTGTTGTCACGCTTCTAATAAAGACATATCCAATACTGGGTAAATTATAAAGGAAAGAGGTTTAATGGACGCA,1
7706,TCTCCCCTGCGCCCCTGTCTTTGTAAATTGACCCTTCTGGAGTGGGGGGCGGCGGGCAGGGCTGCTTTTCTTAGTCTGATACCAAGCAAGGCCTTTTCTGAATAAATTCATTTGACTTTGAGTCTTTGGTATGGACCGGGGTCCTGTTGGGTGGCTGGTAGGGCTGGTGTCACAGCTGATGTCCCTCCAGGCTCCAGTGGCCTGGC,1
945,CACGCCCACTCTCAACAAAACAGACTCCTCCTTGGGAAGCATCTCCAGCCCTGGGACAGACACCTCGCTGTGACTTAGGGAGGGACAGGATTAGCCCAGGAATAAAAGCATTTTTAGAAATTGTTTTCTGCACCTTCAGAAGCTACAACACTCCTTGTAACCTTTCAGATGGAAGGGATCAGAGGTGACAGAATCGTGTATTTCTA,1
214,CAAATCCCTAAGATTTATTTTTTTCCACCTTATTTATCTTCTAAAACTTGAGGAATGCATGTGTTCTTAGTGATTCACATCCACGGGACAAAAACTCAAGAAGAAATAAGAGCTGACGCCACACAAGTCTTGGCTGCTTTTGTTACTATACATTTTCTCTGAGACTCCAGCAGAGTTGGGGCTGGAACTTGGCACTGGGGACTCAT,1
14621,TCCTTGGGATCCTGAACTCATATTGGATTCTCTACCTACCATCTTGGACAATTCATGTAGGAAAACAAATCCTCATTTGTTCAAACAATAGATGAAAATTATTAAAGTTTTGACACATATTAAATGGCGGCCTTGTGTTTCAAAGAAAAGGAAAGAGATAGTTGAATCAGGGTAAAACAACCCACTCACAACCTTAGGCTAAGACA,1
8409,CCCTTCTTGTTCATATTCAGGAGCTTCTGTTATATTCAAAGGTAATTCTATGTCTATCTCAACTCTATTGATTGGTTTTATAGTTCATTGAAAATCCTCAAATAAAATATAATTATTACTGAAATATGTTTAATATTTAAGGGGAAAAGAGACTAATTTCAGTTATACTTTTAAGCTTAGAATGTATGTTCATTTCCAAATTTTGT,1
17324,TCCCAATCGTTGTGTTTCTGTTACAGGTGAAAAGCAATCACAGTGTTAAAAGAAGACACGTTGAAATGATGCAGGCTGCTCCTATGTTGGAAATTTGTTCATTAAAATTCTCCCAATAAAGCTTTACAGCCTTCTGCAAAGAAGTCTTGCGCATCTTTTGTGAAGTTTATTTCTAGCTTTTTGATGCTGTGAAATATGTATCATTC,1
4629,GGAGGCATTTAAGTACAATATGCCATTCTTTTTATATAGTTGCAGGGAAACTATTTTGTTCCCTATTCTATGCCTGGTGGCTGGCACACAGTTGGGCTTTAATAAATATTTGTAGAATGAATTAAGTGTCTTTTTGAGTCTCAGTGTTTTCAGCTGTAAAATGTATAATAATTCGTACCTTAAAAGATTTTTTAAATACTGGAGAC,1
6569,GATATTAATTTCAGAACATTGATTTCTTATCTGTGTGTCTGACGTGCCATCTTTAATGTTAAAATTAAGGTGTTAAAATTAAGCCTAGTTATATAGACGAAATAAAATGCTAAGTCACTACACTACATCGTTATTTTCTATTACGTCTCATTCTTCCCTTTCTAAATGGAACTTTTTAAAACCTACATTATTTTCCCTCAAACAAT,1
2444,TTTACTCCTGAGAACTTTGCAGCTGCCCTTCCCTCCCCGTTTTTCATGGCCTGCTGAAATATGTGTGTGAAGAATTATTTATTTTCGCCAAAGCACATGTAATAAATGCTGCAGCCCAGCCTCTGCCCACTTTGTGTGTATGTGACCGCCTGCTTACTTGCAGTGAGAGCCTGGTGGCCAGGGTCTGGCCCTACCTTGGCTGACCA,1
3619,TATTTGAAACATTAAATCGGAAGTTATACTAATAGACATAGGGACTTTAATTAAAGTTTACCTTTTTTTCCAGTCAAGAATAAAAAAAAAATGGTTTCCAAATAAATATGTATTTTTTAAAAGGTTGTAAGAGAAGCATTTTTTTTATTTTTTATTTTATTTATTTATTTATTTTTTTGAGATGGAGTCTTGCCCCGTCGCCCCGG,1
1139,ACCTCATCACTATCAAACTCATTATCATTTGAAACAAGCCGAAAGTCTCCAAATTCCTCCTCCTCGTCTTCCTCTTCCCTAAAATGTAAATCAATGAATCAATAAATAAGTTGTTGAAAGCAAACTACAAGTAGTCAGCCAAGTTATGAATTAAAAAAAATTTTGTGTGTGTTAATTTTTTTTTTTTCTCTGAGACAGTCTTGGTC,1
16657,TCGCCATCCGTCACCAGAATTAGTCCTCACAGCCTAGGACCAGTTTTGTATCAAACTCGTCTGATGTTTTGATGCCATTTGTCTTTTGTAAAGTTAATTCATTAAAAGTTTTATGTACTTTGATTTACAGTGCCTGTATCTTTTATTTTCCTGTCTTCTTTCTCCTGTGGTTTGCTCCAGAATTAAGGTTTGTTTTCCATCCATTC,1
10973,TTTTCTTTTTACAAAGCTACCTTTAGTCAAAGGTCACTGTCAGTCTTTGCACCTGCTTTCAGTGTTATTGTGAAAGGTGTACTTTGTGCTCATTTCAGAAAATAAAACACAACCTTTCTCTTGATGCAACAGTTTTATAAAAAAAAAAATGGTCAACGTTATTTTTGTTTTGTTTTGCAGATTATCAAAGCCTAGCAAAATGCATT,1
3230,TTTTTCAGTTTTGAGTGCAAAGATCTCATACATCTTTTGTCATATTTATCCCAAACTATTTTAGTTTTGGATTCTTGCCATGGACATCCCGTCATGTGCAAATAAAGGCATTTTTATTTCTTCCTTTCTAATCTGATGTCTTTTTTTTTTTTCTTATCTTATTGCACTGGCTAGAACAGCAGTCCCCAACCTTTTTGGCACCAGGG,1
133,GTAGTAAAATAGTATTTAAAACATTTAAAACAAATTTTAAATAAGCTTCCTTTTATAGGTGTTATAACTAAGGCTATTTATAAGTCCAGTGAAGAAGATAAAAAAGAAGAAGAGGTGAAAAAAACATTAGAACAGCATGACAATATTGTGACTCACTACAAAAATATGATTCGAGAGCAGGTAAGTACTAATGAACTGTATATACC,1
9520,AATTGAGGAATCACTTTTAACTGTTTTAGGTGTGTGTGTCCAGAGTGAGCAAGGATTATGTTTTTGGATTGTCAAAGAGGATGCTTAGTCTTAAAATAAAAATAAATTTAAAAATCATCTTATAATTAGAACAGAGTTGCTGCTATTTGTTCTGTCACCAAGGCAACTAATCACATTTTAAAACTGTTCGGCATATAACATATTCT,1
17021,AGGCTCTTTTTGCCTGCCACCATGGAAGACACCCCTTTGCCCTTCCTTTATTTTCTGCCACAATTGTGAGGCCTCCCTAGCTATGTGGAATTGTGAGTGCATTAAACCTCTTTCCTTTACAAAATTACCCAGTCTTGGGCATGTCTTTATTAGCAGCATGAGGACAGACTAATACACCCTCTTTCAATACCTAAAATAGACAAAGC,1
10017,CTTAGGTTTTCAGGAGGTTTTAGTCCTGGAAGGTAGATAATTTAGAAGAGGAATTTCCGTTATTCTTATGTAATAAATTTATGTTTAATTTTGACTGTTAAATAAATTATTTTTATTTTGCTTCAGAAATGTAAGAATCATTCAAATGTAATAAATACATGATGAATAAGTGTCTAGTGAGCATCTTAAGAAGGATTTGGGAAGTG,1
1279,ATAATTTGTAAGTGATAGATGTTGATCTCGTGACAAAAGAGAGATTCCCTCTTTATAAAACTATTCTAACTAAAGATCTTTTGTAAGCCCATGTGTTAGAAATAAAACTTGAATATCCCCTTTTTTGTTGTTGTTTATGAATGGCCAATAATTTATTCACATGTGACATTTGAGCTGGCATTTTTTCCTCCTGAGATGACAGTAGC,1
13584,TACTTCTATCCCAGTGATCAGCAGGCCCTCCAGCATGAAGACCTTTGAGAAGGATCTATAGCTGTCAACTCCTAATATGATTTGTGCACTATCACCTTGAAGTAAACCAGACTAGTTATTTTCATGCTAAGAGTCTGAAAACAGTGCCTTCTTTCTGATGTCTCTTGTAGAATATTGGCAGAGGGATCTCAATTTTTACTTTATAC,1
15667,ATATTTTTTAGAATCAACTTTGTAAGCACTATAAAATCTTTAATAAGTTATAAGGTCTATGATGTGTTTACTTTAAAAATTGCTGTTAAAAGCAACACGTATTAAATATGTAATTATCATCTGGGTTAAGAGTCTGTTTTTCTTCTTTGTGGTAAGTCTTAGAATATGGTACTGTGGATTAATCTAATGAAATTAACATATGTGGT,1
13090,CTCACGCCTGTAATCCCAGCACTTTGGGAGGCCGAGGCGGGCAGATCACGAGGTCAGGAGATCGAGACCATCCTGGCTAACACGGTGAAACCCCGTCTCTACTAAAAATACAAAAAATTAGCCAGGAGTGGTGGCGGGCGCCTGTGGTGGCCAGCTACTCAGGAGGCTGAGGCAGGAGAATGGCGTGAACCCGGGAGGCGGAGCTT,1
3565,GCTCCTTCACTTTTGTAAAACCATCCCCTTCACCAGAATGGTATTAACTCCTGGTGCTTTGTACTACTGGTCCAGCTGCCTTGGGCTCCTTTTCTATATTAATAAAGAAACGAGTAAAAATTACCGGTGGGGATGATGTTTAAAATTGCTCTGATCACTGGTGGTGCTGAATTCGCAACAGCCTGTGTGATGCCTGAGAGAAGGGA,1
15752,TTGTGTTATCTAACATTTTCTATTGTGGAATTTTATGATTTTATATTCTCATTAGTTATAACTAAAAAGCCATGCACACAGAATTGTATATCATTTTGCCATTAAAATTTTTTAACATATTGCAGCAAGCTTAGTTTTATGATTGAGCCACAACCTTTTACATATTTTTTGTATGAAATATTAAACACTAAATGCAAGATTAACTT,1
10108,GGCAATGGAGGGAAATTCCCAGGACTCTGGGTGTCTTGGAAGTTTCCAAGGCCTGCAACTGATCACAGATCCTGGTTTTCCTCCCATTGGCTAAAAAGATAATAAATACAAGTTACAGCTTGACTACTGTCTGAAAAAATCTTGTAATGGTTAATGGAAGAAAGAAGAGAAAGTCCAGATGTTTGTTTTTTTTCCCTGCTTAGTGT,1
304,GTTTTGGAAGCCAAACAATTAAGAGAAGTAAAATTTTAACCCTAGTAGGTTTCGCAGATTCATCCCCAGATATGTTTTTGTTTGGCTTGTGTTATTAACAAATAAATGAGTGTCTTTCAAATGGAATGTGCTTTCATTATTCTCTGTTATCTTACACCCAACATGCTTCCACATTTAGATGTTTTCCTGTTCCCGGTAGCAGTTGA,1
13697,GGACAATATACTGTTGGAGAGCAGTTTTAGTCTTTGTTATGTATCATTTGTTTTCCAAGTTTCTTACTGCCACCACCTTCATTCAGGTCCTTGTTCTACTAGTAAAACTTTATGAACTACTTTTTTCACGGCTCATTCCTCACATTCTACTCAGAGATCTGAGTTTTTCTGCTAAACAAAACTTTCTTTTCTTTTCTTTTTTTATT,1
13547,GTATCCTCCTCACACCGTGTATTTCCCACCCACTCAGGGTCACAGCCTACTAATTCCTCAAACTTCTCTCCCTGGACTAGGAGAAAGGCTAAAGAATGTCAGTAAATAAAAGAGCTTTCATCCAATCCCAAGGCATATATTATGCCCAAAAAAGACAAATTGTGTCTGGGGTAGAGAAAAAAGGCCTAAAGAAATTGCTTCTTGGC,1
2398,CTGTTCTCCAGTGGCCACCTGTGACCAGGAAGGTCTCCTTCCTTCCTGTTGTCTCCATCTATTTAAAAACAATAACAAAGTAATGAATGAATTTCCTTACAATAAAGCCTCTCATGTCTGTAAATCAGCTGCATGCTTGGTGCAATTCTGTCCAACCCCTTTCCTGTGCAGTGACTGATTCTGCGTTCTGATCTGTCAGCTAAGCT,1
10002,AGAACTCTAACCACTCTGCTAGAAATGGGCTACATTTTTACTCTCTGAAATGTAGAAGCTGTCTGCTACTGTATGACCTTCAGTATGGTTTACATGTCTAAATAAATGGAATTATTTAACCCTGCTCACACTTGCACTAGTGTTTTCAAAATTGATTAAGTTGTGCAACTGTACTAAAGTGTACCTTTCTTGGGGTTTGAAAATAT,1
1181,CATTAACAACAGGATTGCTTCTGAGTTAAAACTTAAGTGAATTCCTGCTTTTTGGCAGCATTTAAACCAAATCCTACTGCTTCCCTAGTAGTTTTGAGTGAATAAAATCTGGACTAATGTGATTTCATTTGCACAGAAACTAGAAATCCCATCTGGGCACTCAGCATTTTTTCTAACGATGATTTAAGCAAATGGCCTAGCTTTGT,1
4843,CGCCAGCACTTAAGATTATATGTTTACTAATGTATATTGTATTTTTTGGTAAGGACCAAAAAAACAAACAAAAAAAAGACCATCAGTAAGGGAATGGATGAATAAATTGTGGTAAAAACATACCATGGCTGAATGGTATTTCCTTGAAAAGAATGTGTGGGAACAAACTCCAAACTTCTCTAGGTCAAATGAGGAAAGCAAGAGGG,1
16384,TGGGACTTGTGTATTATACCCAGGAGGCTCTCATATATACCATCTTGGCATCTGTACTGATGAATAAGTTATAATGAACAGTTAAAAATGCTCATTGAAAATTAAATAAAACAAAAAGGCAGTTATTTCATGCTTGGTCAAAAACATCAATACCTTTCCAATTAACACTGAGAAATTAAGGTTAAGATTCTCCTTTTGTACTGGGA,1
1573,CGGGTGGGCCGAGCAGTGTGGACATCAGCCACTTTTTATATTCATGTACATTCACCTGGGGAAAAAAACGGAGGGACTTTGCTACTTGTAAAAATAACATAATAAATAGATCTTAAACATAGGAAAACCATACTGTTCTGATAATAAAATGCTTTCTATGAAATACGTTGCTTTTCTACCGAGTCATTATTTTATTTATTTATTTT,1
5982,CTTTTATATAATAAAATGCAGTACATTTTAAAAAATTTTAAATTCTGTGTGAAGGTAACTGTTTCAACATTTTTAACATGGTAAATATTATTGTGCATTCAATAAAGTGTTGTTATGCCACAAAGATTAACATTTTCCACCTTACCAAATGGCATACGTAAAAGATGGTAACAATATACTATTTGGTAACATCATGGACTAACATC,1
13180,AAGGATAAATGCCGAAGGTCACTTCATTCTGGACACAGTTGGATCAATACTGATTAAGTAGAAAATCCAAGCTTTGCTTGAGAACTTTTGTAACGTGGAGAGTAAAAAGTATCGGTTTTATTCTTTGCTGATGTCCTTTCTGCTTGAAATAACAGTCACCATACAGCTAAAGGAGAGGAGTTTCTTTCCTTCTAAGTAGGCAGAAA,1
9023,AAAGAATCATGTTTATTATATATCTCTCAAGTTTTTTTGGTATAAAAATGTTTTAACTTTGCTTTCTTTTTGGTTTTTGTTTGAAGTTGGTTTTCCTGTTAATAAAAATTTATATAACATCTTGGATCTAGAGCATTAAATTTTAGAACTGGGAGGACTCCTAGGATCCAGTCCCTTTACTTCTTCAGATGAATCACAAAAGCCCA,1
13223,AAAAGAAAGCTGGCCACTTGCATTTCCGTTTCAGTTTATAGAATACATGTTTTGGAAATAGTATCTTCTAGATCTGTCTTTTTCTCTTCTGATTTAACTTAGTAAAGCTAAGTTTTATCTCTTCATAGTCTTGCTTTTGTTTCAAAAGCTTTTATGAGATTTGTTTACTGTCTGTGGCTATATGGCAGACAATTTGTTCAAGTGGC,1
9460,TTGATGATTATCAGTTTTGCTTAGTAGACTGGCAATATTTAGTCTTGCTGTCACTGTGTTCCCAGTGCCTACTAGATTGCTTGATATGTAGTTGCCACTCAATAAAGATTTGTTGAGTCAATGAAGATGACACTTTGTTTTGCTGGAGAAGGAGTGGTGACCATTCTTTTTCAGAGGTCCAGGGAGAGGGAGCTAAGTAACTGAGT,1
17565,GAATTTGTGAAATATTGTCATAAAGTGCTTTTTCTTACTGTAATCTTTGTGGTATCAACTGTCATAATGCTCTTTTTACACAAACATTTATGTGCAGTCACATAAACATGCTTTTAAAAACTCTGTAAGTCTCTTTTTTGGGGATGGGATCTCTATATTTTGTTGGGTTTTTTTTGCTAGTAGTGTGAAGCCATGTTTTATTGGAC,1
17031,AAAGGAGGTGTTTTCTCCGCCTCCTGGTCGATGTTATGTGTGTTTATTCAGCAACTGACCTTTCATAGTGTGATTGGCAACAGATATCCTCCTGCTAGACATTAAAGCAAACACATATTTAACTTGAAAATGTGTTCATTTTCATGCTTCTTTCTTTCTCATTGCCCATTGCTGTGTGATCAGAACTAGAAGGGGCGAAATACAGA,1
3289,GGGAGAGAGCCCAGAGAGCAGGCTGCGAACTCACTTCCAATGGGATTGGAGTCTGTTGTATTCTTAAGAGATAGCCTGATATGTGGTTTATAGGTGAATCAATAAACACCAACAACAACAAAAAAAAAAAAAAAAAAAAAGGAAGAAAAGAAAAAAAGGAAACCAGCCCTGTCATGGAATTTCTCTCCTTCCCTGCACAGTAAAGA,1
3283,CAGGCTAAATTCAGGCTGTCGGAAGATAAACTCCACCTCTCAATGGAGAGAGTTCAAAGCAACTGTGGCCATCTTTACCCCATCAGCTTTCTTGCCAAGAAATAAAGCTCTACATGACACATCAACTTTCATTTATTTAACATTTATCTCAAAAGACATGAGTTAACTGGCAAATAATATCACATTCATAGTAAAAGTCTAAGAAA,1
5326,AAATAAATAAATATATGTATATGTGGGGACAGGGAGTATGTGAGAAATTTCTGTACTTTCCCTTCAATTTTGCTATGAATCCAAAACTGCTTCAAAAAATAATAAAGCCTTAAAAAATTTTTTTCCAGTATGTGTGTATTTTCACTTCTATGTAAGTCACTTCATCCACACTTTTTTTTTTACAACTTGCCTTCTTTTTTTTTCTC,1
5313,GAACACCAAAAGTAGACCTGTCCCAAGATCTGGGGATGAGGACACAGAACCATATTCTTTTATCTTCCCCAAAACAACAGCTCCTTTACCCCTTCACCTAAATAAAGCCCACCAGGACTCAGTCCTTAAACTAGGGCTGTTAATACTACCCACTGATCTAGAACCCAGATCTGGAACCAAAACTGTTTCCTTCAAGGTACAGAGGT,1
9580,TTCCAGGCTGAAGTGATTCATTCATTATTCTAGTCCTGCTTTAGTCCTTTGTAATTTGTGGTAATTATGCTTTTCTTTTTAATACAAAAAAATGTATAAAAATAAACACTTGAAAAGGCAAAATACTGGCTGGTCTTCCATCTAGGTTACTGCTATTGGGTGTGAAGGATGGGTTTCTGGTAGAGTTCCCCCAGATCCGGAGGAAC,1
2057,GAAAAGGGGACAGGGGAATGAGTAAACTTCTTTTATTGCGGACAAATGTGCACATAGCCGCTAGTAAAACTAGCCTCAAACAGGATGCTCATAGCTTAATAATAAAAGCTGTGCAAAGGCCATGAATGAATGAATTTTCTGTTTATTTCACTGATGCACACATTACCTCATTGACAATTCAGAAGTAAATCCAACGTGTGTTGACT,1
1661,CCCTGGACTTCGTGCTCCCTCCCCTCGCTGTCGCCAAGAGGCCTCCTATGCCCCACCCCCCCAACAGGCACGAAGCATCAATGTTCACAAGCAGCAAATGAATAAAAGTTAAACGTTCTTCCTACTGCATTTCTATAAGGATTATTGGGTCAGTCGATCTTGAGGTCAACACTATAATTAAAACTAGCTTTCACCATCCCATGCCT,1
17863,GAAGGAGCATAGGCTGGACTGCCAGCACTCATAGGAGGCTTCGTGTGTGCCCAGGACTGCGAGAATTAAATACAGGACACCCAGTTCAGTTTGAATTTCAGATAAACTATGAATAATGATTAGTGTAAGTATATCTCAATTTAACTGGATAGCTTGTATTTTTCTTTGCGAAATCTGATAACCCTAGATGTGCCAGGGACTGTGAT,1
16292,TCCATTTAAAAATTCAAGTACACACATCAGTGTTGGTTACTATGCAGAGAATGTCATTGTGTATAGTTTCATGTAATCTGTTATGTCAGCTGTATTTTTTATTAAAATCATGTCAAGAAAACGTGTTGTCTGTAGCTTGACAAGATATTTCAAATGAGAACTTTTTGTAGCGTCTGTTGTTAGCAAAGAATAGATTCACACAGTCT,1
8492,CTGCATTTTGTTGGCTTCCTTCAGTCCTACCATATGGTTCTAGGTCCCTCTTACGTCATCTGCATAGCAGACTATACCTCTTCTGTCCGCTGACTTGCCCAATAAATAATTCTGCAGAGATTTCTGGCTCTTTGTCAGGTCGTAGGGTAGAAACTTAACTAACCACCCGGGTGCAGTGGTTCACGCCTATAATCCCAGCACTTTGG,1
8474,AGTATTTCTGTTGTTGTGAGACTTTAGGACAAGACAACATTTGGTGTTAACATAGAAGAATATTCTATGGCTTTTTTAGCTTTAAAGTTCATTACTCTAAAATAAAGTACACGTGGTATTTTTTTCTTCCTAGTGTTCTCTTATTATATGTAGAGTATTTTCGGTTGTTGTTTTTAACGTATACATTATTTTTATTAAGTCATTTC,1
16762,TGTTAGCACAATGTGAGGAGGTAGAGAAACAGTCCACCTCTGTGTCTACCATGACCCCCTTCCTCACACTGACCTGTGTTCCTTCCCTGTTCTCTTTTCTATTAAAAATAAGAACCTGGGCAGAGTGCGGCAGCTCATGCCTGTAATCCCAGCACTTAGGGAGGCCGAGGAGGGCAGATCACGAGGTCAGGAGATCGAAACCATCC,1
6354,TGAATATCATTCTGTCCTCAGCTGCATTTCCAGCCCAGGCTGTTTGGCGCTGCCCAGGAATGGTATCAATTCCCCTGTTTCTCTTGTAGCCAGTTACTAGAATAAAATCATCTACTTTAAAATCTTTCATTATGAAATATGCATGTGGTCTTGAAAAACTGCAAATGAAAGAAGAGTATGCAGGGGAAGAAAATCTCAGAATCCCA,1
1583,ACATGTCTTCTTTCAGAATGGGAATATATGTGTGCCTCCCAACATTTACTGTTAAAGTGTGTTATCTTTATATGTCAAACTGGTTGAACACTGTAATGAGAATAAACTGCACAGAGTTTATTCTGACTTATTTCTCATTTTGTTTGGTTCAGCCCTTGTGTGATGAAGTAAATACAATGATTAGGGGTGTGTTTGGTTAATTGACT,1
8257,GGCTTAGCAAAGATGTTGGCAGAGGAAGCAGAGACTGGGCTGGGTCTCGAGTGGCCCAACTGAGTCCTCTCTGTCTCCTGTGTGCTCCCTTCCTCACCTGAATAAATTCATGTCTCTCTGGAGTCTTGAAGGCCTGCTTAAGGATGCAGCCACCATTGCCAAATCTCAGCACCCCGCCGGTTCATCATTTAACCCTAAGCAGATGC,1
1787,AATCTTTCCCTTTTGAAAATACTAAAAACTAAGTTATGTTATTATAAAGTGTAAAATGGTTTGTCTTAATTATAGGAGAAAAAGGCCTTGTTAGAAATAAAATAAACTGACTTATTTCACTAATGAAAACTTCTGTTTCCTTTTTGTTTTCTTGTGAGCACTGATACCTCAATACATTGATACCTCAATACCTTTGAGGTATTTTT,1
4798,ACAATGTTACGCTAGAATAAACACCAAGGCAGTCAGTTAAGGCAGCTATGGTTTGGAAAGGCATACGGACAGAGTCTGCTTAGAAGAGATACAAGTTGTTAATAAAATTGATCCTGTTGATAGTAGTTTGTTTTTGTGGTGGGTGCTGTGAAGAGTAAACATTACTCAGTGGAAAGCTAAGTTCAGAAGGTACTTTGTTTTTCCTC,1
1216,TCTAGTCACATGGGCAGCTGGCCAGCTACATGTTAACAAGCGCCTCAGAACTCCTAAGACACCACCGGCCTCTGTTCCCTTCAGTGCATTCTTGTAAATAAATAAATAATAAAACCTGCCTTTACCACCCCCTCCAAGGTGTGGATCTTGTAAAAAGCGTGACCCAGTTTTGCAATCTACAGAGGCAGCTTGGGGAGCAGTTGTAA,1
1382,ACTTAGGAGAGAGACATGGAACAGATTTTCCATCGAAGCCTCCTGAAGAAACAAAACTTACAACTTGATTTTGGATTTCTTGCCTCCATGACTGTGAGAGAATAAATTTCTGTTGTTTTAAGCCACCCAGTTTGTAGTCACTTGTTAAAGTAGCCACAGGAAACGAATACAGTTATTGGTACTGGAAAATAATAAACACACCTACC,1
11077,CTCTAGAAGCAGAATTTCTGGAAGAGCCAAGAACAGACTTTGAGCCTATATCTTCAAAGCTGAAACTGGATATCTTTCAATAAAATATGTGCACTTTTAAAATAAAATGACTAATTCTGTGATTCAGACAATAGTTTTAAGTTCAGCTGTGCTTAGATTTCTTTCAGATTAATTTAAAATTACAGATTTTTACTTTTAGAATTGCA,1
17376,AACCTTTTTTTTTACAGAGCCTAATTAATAACTTAATGACTGTGTACATAGCAATGTGTGTGTATGTATATGTCTGTGAGCTATTAATGTTATTAATTTTCATAAAAGCTGGAAAGCAGCTGCCTGTTTCTGTCTGTGTCCTCAGCCACTCACTGAGCCCTTCTGCCTTAAGACTCCGTTAGAGAACACACTGAGCCCCAGGTGCT,1
5977,TTTTAAATGTACAATTAAATTTTTATTTACCACAGTGTTATTTTTATCGTCATAATAAAAATTATATACGAGTATAAATGAAATTCATTTCTAAATTCTTAATAAATATTTTCTCATGCCAGGTGTGGTGGCTCACGTCTGTAATCCCAGCACTTTGACAGGCTGAGCGAGGGAGTGGATCTTGAGGTCAGCAGTTCGAGACCAGC,1
1875,TACCCTCACTTTCATGGGACATATGAGGAAATTAGTGTTCACATATCCAGTCTTTTTCCAATTATTGGTGGTGTTGAGTTGTTATGTTTACACTGTTTTAAATAAAAAGGCACCGTATTTGAAAGCATAAAAGATTTCTTTTACTGCAGTTTTGGAAAACCTTGGTTAAAATCTCTTTGTGGAAGACACATTCCATGGAGAAGGAA,1
12782,CCTCGAGAGGGGCCGATGCCCAGAGACACAGCCCCCACGGACAAAACCCCCCAGATATCATCTACCTAGATTTAATATAAAGTTTTATATATTATATGGAAATATATATTATACTTGTAATTATGGAGTCATTTTTACAATGTAATTATTTATGTATGGTGCAATGTGTGTATATGGACAAAACAAGAAAGACGCACTTTGGCTTA,1
4075,AAACAGAAGGAATGGGATGTAAGAAGGCACCAAGAAAGATGCTGCTAATGAGAATTATTTTAAGTGCAGAGTAGTGTATGTAATCCTTCATTAATATATTAATAAACATATTTATAAATAATTTTCTATGTGTCCTAAGTACTCTGGGAGTAAGCAAAGGAAGAGAATATATTATTTCTGTCTGAAAAGACGAGACTTAAAATTCC,1
14091,TTTACATATTTGTTTATGATGGCCACAGCCTAAAGTACACACGGCTGTGACTTGATTCAAAAGAAAATGTTATAAGATGCAGTAAACTAATAACAGAATTATTAAAATATATCAGGCTATTTTGGATGGCTTCCGTGTGATCTTTACATTTTCTTTTCCAATTTGTATCTGATTACCCAGTGTAATCTGACCAGCAAAAATACCAT,1
12696,CCTTTCTACCCAGGCCCCCTGCCCTGCCCACCTCAGGCCCCCACCCTCCACTCCTCCCCACGGTACTGTGAACGTCGTGTGACTCAGTGCAGAGACAGATAATATATTTAATTCATGTACAGAAAGGAGCGAGCAGTCTCGTACAGAAAAGCTGACTTTGATAGATTGATGCCAAAGATGGAGAACTGAAGTCCCCCCTCCAGGCC,1
10374,CTTCAATAGCTATGAAAATTAAATCCGATTTTCTAAGATGAAGTTGTGACAAGTTATACCATTGTCTTAACAGGTGAATTCCTGCCATAATTTATTTTCAAATAAATTTTAGGTGGAGAATGTGTAGTGTTAATGTTGGAGATTTTAAGACATCTTGAATTTGTACTGTACCTTTTATCTGAGAGGTTCAAGCTTCACTTGTGTTT,1
939,TTGAAATATGTTTTGTATAAATTTGTCATGTTGAACAGCATTTTAGCATGGTAAGTTCCCTTAGCTATATGAATTTTGGCATGTTTCAGAGAGATCAGTAAATAAAATATTAGATAAAATATATATTGTTTGTGTTGAAGTTTTTAACTTTTCAGAAATTGTTGATTTCTGAGCTGGGATATACTATATTCATTTAGTCCAAAATG,1
12316,TGTTTCTATTACAGGTGAAGGGAAATCACAGGTTTAAAGGAAGATAAGCTGAAACAACACAAACTGTTTTTATATTAGATATTTTACTTTAAAATATCTTAATAAAGTTTTAAGCTTTTCTCCAAAGAAGTCTTGCACATCTTCTGTTAATTTCTTTTTTTCTTTCTTTTTTTTTTTTTTCTAGATGGAATTTTGCTCTGTCGCCA,1
11785,GACCGGACACCTGCCCCGCCCAGGCTGGGACAGGCTGCAGGTCTCAGGATATGCTGAGGCCTGGGCGTTCCCTGCCCTGTGCTGACTCTGTTGCTCTGTGAATAAACACCCTGGCCCATGAGGGCAGCCCAAGCTCCCAGGGTGAAGTCAGTGTGTCCACACTTTACCAGCCAGTGAGGGTGGGGGCTGCAAGTGTTAAGTGACGT,1
788,CCAGGACCTTTTCGTGATTCTGGAGAGGGGAACAAACCATAATAACAACAAACCAGGTAGCAGGATAGAGACTCATTCTCATCTATTTTGGTTAAAAGAAAATAAATGTATTTCTTCCACACCTGATTTTGTGATTGCAAATTCATAACTAATATCCCTCGTCAGCTCCGCTGACTCATCCCTGCCACAGGGAGGTTCACAGCAAG,1
15401,CTCAGTCTTTTCCGCTACCAGATCAGGTTAGCACAGTATAGAGCACTTAACTATTAAAAAAAAAAAGTTAATCCTATTCATATGTTATTCATTGTGTGAAATTAAAGACATTCAATTCAGTCTAACATGAGTTGTGAATTCTTTTGTTTTATTTTCCATCTGGTTTACATCACTAAGGAGTTTAATAGCATTTGGGGGTCTTTGCT,1
8595,ATTGAGGTATAACTGATACACAAACGACATATTTAATGTGTACAATTTGATGAGTTTGGACATATCCGAGGACTCATGAGACTGTCACTGCAATCAAGGTAATAAATGTATTTATTACTTCCAAAAGTTTCCTCTGTCCCTCTGTTTTTGTTTGTAAGATTTTAATAGGCTCAAGCTCAATCTTCATAGCCTTTTTTTAAGTTAAT,1
6140,AGACTGCAGGGAGCCTGGCCCCGGAGCCCCGGGTGCGCCCTGGTCTTTGGAGCAGCCACGGCCCACAATCACCCCCCTTTTCTAAGACTGCCTGATCCGAAATAAAGTATTTTGACAGAACCTTGTTTTGGTGTGGAGGCGGAGTCTGGGGCTCCTCGACTCCCCAGAAGGAGGGGCTGGGCCAGCCTGGGATGGGTGAGTGAGGT,1
15627,TATCTAATTTTTGGATACAGGATGGACATACGTACTCAAACTGTGTTTTTCAATTTGTACTGTATTTGTTTCTCTCGACCTGACTTAGTGATAGAGGTATATTAAAGTCTTCCACTAGCATGGTAGATTAACAAATTCTTTCTGTAATTCTGTCATTTTTACTTTATATATGTTTATGTGTAATGTAACTAGGTGCGTAGAGGTTT,1
2691,CTTGAGTTTCATATATAAGACTGCTGCAGTCACATCACAATATTCAGTGGTGAAATCTTGTTTGTTACTGTCATTCCCATTCCTTTTCGTTTAGAATCAGAATAAAGTTGTATTTCAAATATCTAAGCAAGTGAACTCATCCCTTGTTTATAAATAGCATTTGGAAACCACTAAAGTAGGGAAGTTTTATGCCATGTTAATATTTG,1
10083,AAAAATGTTTGAAGTGGTATCAAGAGCATTGTTTATGCATGTTGTGATACTATTTGTGGAACTGTTTAATGAGCTATTTCAAACTGCTAGAAGAAAATGAAATAAAAATGGAAAAATACTGTCAAATTTTGCCTGTCTGGACTTTTTAAGTAGTATTAAAAACAGAAATTCAAATGAAAGATGTTTTATAAATTGGCTGATCAGTG,1
10404,AGAGAAAGAGGAGGAAGGTTCCAGGCTCTTTTTAACAATCAGACCTCACAGGAACTAATAGTGTGAGAAGATGTTTAACATATTCTAATAAGATATTCCTAATAAACTGCCATGAGATAACTGCTGTATTAGTCTGTTGTCACGCTTCTAATAAAGACATATCCAATACTGGGTAAATTATAAAGGAAAGAGGTTTAATGGACGCA,1
7706,TCTCCCCTGCGCCCCTGTCTTTGTAAATTGACCCTTCTGGAGTGGGGGGCGGCGGGCAGGGCTGCTTTTCTTAGTCTGATACCAAGCAAGGCCTTTTCTGAATAAATTCATTTGACTTTGAGTCTTTGGTATGGACCGGGGTCCTGTTGGGTGGCTGGTAGGGCTGGTGTCACAGCTGATGTCCCTCCAGGCTCCAGTGGCCTGGC,1
945,CACGCCCACTCTCAACAAAACAGACTCCTCCTTGGGAAGCATCTCCAGCCCTGGGACAGACACCTCGCTGTGACTTAGGGAGGGACAGGATTAGCCCAGGAATAAAAGCATTTTTAGAAATTGTTTTCTGCACCTTCAGAAGCTACAACACTCCTTGTAACCTTTCAGATGGAAGGGATCAGAGGTGACAGAATCGTGTATTTCTA,1
214,CAAATCCCTAAGATTTATTTTTTTCCACCTTATTTATCTTCTAAAACTTGAGGAATGCATGTGTTCTTAGTGATTCACATCCACGGGACAAAAACTCAAGAAGAAATAAGAGCTGACGCCACACAAGTCTTGGCTGCTTTTGTTACTATACATTTTCTCTGAGACTCCAGCAGAGTTGGGGCTGGAACTTGGCACTGGGGACTCAT,1
14621,TCCTTGGGATCCTGAACTCATATTGGATTCTCTACCTACCATCTTGGACAATTCATGTAGGAAAACAAATCCTCATTTGTTCAAACAATAGATGAAAATTATTAAAGTTTTGACACATATTAAATGGCGGCCTTGTGTTTCAAAGAAAAGGAAAGAGATAGTTGAATCAGGGTAAAACAACCCACTCACAACCTTAGGCTAAGACA,1
8409,CCCTTCTTGTTCATATTCAGGAGCTTCTGTTATATTCAAAGGTAATTCTATGTCTATCTCAACTCTATTGATTGGTTTTATAGTTCATTGAAAATCCTCAAATAAAATATAATTATTACTGAAATATGTTTAATATTTAAGGGGAAAAGAGACTAATTTCAGTTATACTTTTAAGCTTAGAATGTATGTTCATTTCCAAATTTTGT,1
17324,TCCCAATCGTTGTGTTTCTGTTACAGGTGAAAAGCAATCACAGTGTTAAAAGAAGACACGTTGAAATGATGCAGGCTGCTCCTATGTTGGAAATTTGTTCATTAAAATTCTCCCAATAAAGCTTTACAGCCTTCTGCAAAGAAGTCTTGCGCATCTTTTGTGAAGTTTATTTCTAGCTTTTTGATGCTGTGAAATATGTATCATTC,1
4629,GGAGGCATTTAAGTACAATATGCCATTCTTTTTATATAGTTGCAGGGAAACTATTTTGTTCCCTATTCTATGCCTGGTGGCTGGCACACAGTTGGGCTTTAATAAATATTTGTAGAATGAATTAAGTGTCTTTTTGAGTCTCAGTGTTTTCAGCTGTAAAATGTATAATAATTCGTACCTTAAAAGATTTTTTAAATACTGGAGAC,1
6569,GATATTAATTTCAGAACATTGATTTCTTATCTGTGTGTCTGACGTGCCATCTTTAATGTTAAAATTAAGGTGTTAAAATTAAGCCTAGTTATATAGACGAAATAAAATGCTAAGTCACTACACTACATCGTTATTTTCTATTACGTCTCATTCTTCCCTTTCTAAATGGAACTTTTTAAAACCTACATTATTTTCCCTCAAACAAT,1
2444,TTTACTCCTGAGAACTTTGCAGCTGCCCTTCCCTCCCCGTTTTTCATGGCCTGCTGAAATATGTGTGTGAAGAATTATTTATTTTCGCCAAAGCACATGTAATAAATGCTGCAGCCCAGCCTCTGCCCACTTTGTGTGTATGTGACCGCCTGCTTACTTGCAGTGAGAGCCTGGTGGCCAGGGTCTGGCCCTACCTTGGCTGACCA,1
3619,TATTTGAAACATTAAATCGGAAGTTATACTAATAGACATAGGGACTTTAATTAAAGTTTACCTTTTTTTCCAGTCAAGAATAAAAAAAAAATGGTTTCCAAATAAATATGTATTTTTTAAAAGGTTGTAAGAGAAGCATTTTTTTTATTTTTTATTTTATTTATTTATTTATTTTTTTGAGATGGAGTCTTGCCCCGTCGCCCCGG,1
1139,ACCTCATCACTATCAAACTCATTATCATTTGAAACAAGCCGAAAGTCTCCAAATTCCTCCTCCTCGTCTTCCTCTTCCCTAAAATGTAAATCAATGAATCAATAAATAAGTTGTTGAAAGCAAACTACAAGTAGTCAGCCAAGTTATGAATTAAAAAAAATTTTGTGTGTGTTAATTTTTTTTTTTTCTCTGAGACAGTCTTGGTC,1
16657,TCGCCATCCGTCACCAGAATTAGTCCTCACAGCCTAGGACCAGTTTTGTATCAAACTCGTCTGATGTTTTGATGCCATTTGTCTTTTGTAAAGTTAATTCATTAAAAGTTTTATGTACTTTGATTTACAGTGCCTGTATCTTTTATTTTCCTGTCTTCTTTCTCCTGTGGTTTGCTCCAGAATTAAGGTTTGTTTTCCATCCATTC,1
10973,TTTTCTTTTTACAAAGCTACCTTTAGTCAAAGGTCACTGTCAGTCTTTGCACCTGCTTTCAGTGTTATTGTGAAAGGTGTACTTTGTGCTCATTTCAGAAAATAAAACACAACCTTTCTCTTGATGCAACAGTTTTATAAAAAAAAAAATGGTCAACGTTATTTTTGTTTTGTTTTGCAGATTATCAAAGCCTAGCAAAATGCATT,1
3230,TTTTTCAGTTTTGAGTGCAAAGATCTCATACATCTTTTGTCATATTTATCCCAAACTATTTTAGTTTTGGATTCTTGCCATGGACATCCCGTCATGTGCAAATAAAGGCATTTTTATTTCTTCCTTTCTAATCTGATGTCTTTTTTTTTTTTCTTATCTTATTGCACTGGCTAGAACAGCAGTCCCCAACCTTTTTGGCACCAGGG,1
133,GTAGTAAAATAGTATTTAAAACATTTAAAACAAATTTTAAATAAGCTTCCTTTTATAGGTGTTATAACTAAGGCTATTTATAAGTCCAGTGAAGAAGATAAAAAAGAAGAAGAGGTGAAAAAAACATTAGAACAGCATGACAATATTGTGACTCACTACAAAAATATGATTCGAGAGCAGGTAAGTACTAATGAACTGTATATACC,1
9520,AATTGAGGAATCACTTTTAACTGTTTTAGGTGTGTGTGTCCAGAGTGAGCAAGGATTATGTTTTTGGATTGTCAAAGAGGATGCTTAGTCTTAAAATAAAAATAAATTTAAAAATCATCTTATAATTAGAACAGAGTTGCTGCTATTTGTTCTGTCACCAAGGCAACTAATCACATTTTAAAACTGTTCGGCATATAACATATTCT,1
17021,AGGCTCTTTTTGCCTGCCACCATGGAAGACACCCCTTTGCCCTTCCTTTATTTTCTGCCACAATTGTGAGGCCTCCCTAGCTATGTGGAATTGTGAGTGCATTAAACCTCTTTCCTTTACAAAATTACCCAGTCTTGGGCATGTCTTTATTAGCAGCATGAGGACAGACTAATACACCCTCTTTCAATACCTAAAATAGACAAAGC,1
10017,CTTAGGTTTTCAGGAGGTTTTAGTCCTGGAAGGTAGATAATTTAGAAGAGGAATTTCCGTTATTCTTATGTAATAAATTTATGTTTAATTTTGACTGTTAAATAAATTATTTTTATTTTGCTTCAGAAATGTAAGAATCATTCAAATGTAATAAATACATGATGAATAAGTGTCTAGTGAGCATCTTAAGAAGGATTTGGGAAGTG,1
1279,ATAATTTGTAAGTGATAGATGTTGATCTCGTGACAAAAGAGAGATTCCCTCTTTATAAAACTATTCTAACTAAAGATCTTTTGTAAGCCCATGTGTTAGAAATAAAACTTGAATATCCCCTTTTTTGTTGTTGTTTATGAATGGCCAATAATTTATTCACATGTGACATTTGAGCTGGCATTTTTTCCTCCTGAGATGACAGTAGC,1
13584,TACTTCTATCCCAGTGATCAGCAGGCCCTCCAGCATGAAGACCTTTGAGAAGGATCTATAGCTGTCAACTCCTAATATGATTTGTGCACTATCACCTTGAAGTAAACCAGACTAGTTATTTTCATGCTAAGAGTCTGAAAACAGTGCCTTCTTTCTGATGTCTCTTGTAGAATATTGGCAGAGGGATCTCAATTTTTACTTTATAC,1
15667,ATATTTTTTAGAATCAACTTTGTAAGCACTATAAAATCTTTAATAAGTTATAAGGTCTATGATGTGTTTACTTTAAAAATTGCTGTTAAAAGCAACACGTATTAAATATGTAATTATCATCTGGGTTAAGAGTCTGTTTTTCTTCTTTGTGGTAAGTCTTAGAATATGGTACTGTGGATTAATCTAATGAAATTAACATATGTGGT,1
13090,CTCACGCCTGTAATCCCAGCACTTTGGGAGGCCGAGGCGGGCAGATCACGAGGTCAGGAGATCGAGACCATCCTGGCTAACACGGTGAAACCCCGTCTCTACTAAAAATACAAAAAATTAGCCAGGAGTGGTGGCGGGCGCCTGTGGTGGCCAGCTACTCAGGAGGCTGAGGCAGGAGAATGGCGTGAACCCGGGAGGCGGAGCTT,1
3565,GCTCCTTCACTTTTGTAAAACCATCCCCTTCACCAGAATGGTATTAACTCCTGGTGCTTTGTACTACTGGTCCAGCTGCCTTGGGCTCCTTTTCTATATTAATAAAGAAACGAGTAAAAATTACCGGTGGGGATGATGTTTAAAATTGCTCTGATCACTGGTGGTGCTGAATTCGCAACAGCCTGTGTGATGCCTGAGAGAAGGGA,1
15752,TTGTGTTATCTAACATTTTCTATTGTGGAATTTTATGATTTTATATTCTCATTAGTTATAACTAAAAAGCCATGCACACAGAATTGTATATCATTTTGCCATTAAAATTTTTTAACATATTGCAGCAAGCTTAGTTTTATGATTGAGCCACAACCTTTTACATATTTTTTGTATGAAATATTAAACACTAAATGCAAGATTAACTT,1
10108,GGCAATGGAGGGAAATTCCCAGGACTCTGGGTGTCTTGGAAGTTTCCAAGGCCTGCAACTGATCACAGATCCTGGTTTTCCTCCCATTGGCTAAAAAGATAATAAATACAAGTTACAGCTTGACTACTGTCTGAAAAAATCTTGTAATGGTTAATGGAAGAAAGAAGAGAAAGTCCAGATGTTTGTTTTTTTTCCCTGCTTAGTGT,1
304,GTTTTGGAAGCCAAACAATTAAGAGAAGTAAAATTTTAACCCTAGTAGGTTTCGCAGATTCATCCCCAGATATGTTTTTGTTTGGCTTGTGTTATTAACAAATAAATGAGTGTCTTTCAAATGGAATGTGCTTTCATTATTCTCTGTTATCTTACACCCAACATGCTTCCACATTTAGATGTTTTCCTGTTCCCGGTAGCAGTTGA,1
13697,GGACAATATACTGTTGGAGAGCAGTTTTAGTCTTTGTTATGTATCATTTGTTTTCCAAGTTTCTTACTGCCACCACCTTCATTCAGGTCCTTGTTCTACTAGTAAAACTTTATGAACTACTTTTTTCACGGCTCATTCCTCACATTCTACTCAGAGATCTGAGTTTTTCTGCTAAACAAAACTTTCTTTTCTTTTCTTTTTTTATT,1
13547,GTATCCTCCTCACACCGTGTATTTCCCACCCACTCAGGGTCACAGCCTACTAATTCCTCAAACTTCTCTCCCTGGACTAGGAGAAAGGCTAAAGAATGTCAGTAAATAAAAGAGCTTTCATCCAATCCCAAGGCATATATTATGCCCAAAAAAGACAAATTGTGTCTGGGGTAGAGAAAAAAGGCCTAAAGAAATTGCTTCTTGGC,1
2398,CTGTTCTCCAGTGGCCACCTGTGACCAGGAAGGTCTCCTTCCTTCCTGTTGTCTCCATCTATTTAAAAACAATAACAAAGTAATGAATGAATTTCCTTACAATAAAGCCTCTCATGTCTGTAAATCAGCTGCATGCTTGGTGCAATTCTGTCCAACCCCTTTCCTGTGCAGTGACTGATTCTGCGTTCTGATCTGTCAGCTAAGCT,1
10002,AGAACTCTAACCACTCTGCTAGAAATGGGCTACATTTTTACTCTCTGAAATGTAGAAGCTGTCTGCTACTGTATGACCTTCAGTATGGTTTACATGTCTAAATAAATGGAATTATTTAACCCTGCTCACACTTGCACTAGTGTTTTCAAAATTGATTAAGTTGTGCAACTGTACTAAAGTGTACCTTTCTTGGGGTTTGAAAATAT,1
1181,CATTAACAACAGGATTGCTTCTGAGTTAAAACTTAAGTGAATTCCTGCTTTTTGGCAGCATTTAAACCAAATCCTACTGCTTCCCTAGTAGTTTTGAGTGAATAAAATCTGGACTAATGTGATTTCATTTGCACAGAAACTAGAAATCCCATCTGGGCACTCAGCATTTTTTCTAACGATGATTTAAGCAAATGGCCTAGCTTTGT,1
4843,CGCCAGCACTTAAGATTATATGTTTACTAATGTATATTGTATTTTTTGGTAAGGACCAAAAAAACAAACAAAAAAAAGACCATCAGTAAGGGAATGGATGAATAAATTGTGGTAAAAACATACCATGGCTGAATGGTATTTCCTTGAAAAGAATGTGTGGGAACAAACTCCAAACTTCTCTAGGTCAAATGAGGAAAGCAAGAGGG,1
16384,TGGGACTTGTGTATTATACCCAGGAGGCTCTCATATATACCATCTTGGCATCTGTACTGATGAATAAGTTATAATGAACAGTTAAAAATGCTCATTGAAAATTAAATAAAACAAAAAGGCAGTTATTTCATGCTTGGTCAAAAACATCAATACCTTTCCAATTAACACTGAGAAATTAAGGTTAAGATTCTCCTTTTGTACTGGGA,1
1573,CGGGTGGGCCGAGCAGTGTGGACATCAGCCACTTTTTATATTCATGTACATTCACCTGGGGAAAAAAACGGAGGGACTTTGCTACTTGTAAAAATAACATAATAAATAGATCTTAAACATAGGAAAACCATACTGTTCTGATAATAAAATGCTTTCTATGAAATACGTTGCTTTTCTACCGAGTCATTATTTTATTTATTTATTTT,1
5982,CTTTTATATAATAAAATGCAGTACATTTTAAAAAATTTTAAATTCTGTGTGAAGGTAACTGTTTCAACATTTTTAACATGGTAAATATTATTGTGCATTCAATAAAGTGTTGTTATGCCACAAAGATTAACATTTTCCACCTTACCAAATGGCATACGTAAAAGATGGTAACAATATACTATTTGGTAACATCATGGACTAACATC,1
13180,AAGGATAAATGCCGAAGGTCACTTCATTCTGGACACAGTTGGATCAATACTGATTAAGTAGAAAATCCAAGCTTTGCTTGAGAACTTTTGTAACGTGGAGAGTAAAAAGTATCGGTTTTATTCTTTGCTGATGTCCTTTCTGCTTGAAATAACAGTCACCATACAGCTAAAGGAGAGGAGTTTCTTTCCTTCTAAGTAGGCAGAAA,1
9023,AAAGAATCATGTTTATTATATATCTCTCAAGTTTTTTTGGTATAAAAATGTTTTAACTTTGCTTTCTTTTTGGTTTTTGTTTGAAGTTGGTTTTCCTGTTAATAAAAATTTATATAACATCTTGGATCTAGAGCATTAAATTTTAGAACTGGGAGGACTCCTAGGATCCAGTCCCTTTACTTCTTCAGATGAATCACAAAAGCCCA,1
