ATC TCT CTC TCT CTT TTG TGT GTA TAG AGA GAT ATC TCT CTG TGT GTT TTC TCT CTC TCT CTA TAA AAA AAC ACG CGA GAA AAC ACT CTT TTT TTA TAA AAA AAA AAT ATC TCT CTG TGT GTG TGT GTG TGG GGC GCT CTG TGT GTC TCA CAC ACT CTC TCG CGG GGC GCT CTG TGC GCA CAT ATG TGC GCT CTT TTA TAG AGT GTG TGC GCA CAC ACT CTC TCA CAC ACG CGC GCA CAG AGT GTA TAT ATA TAA AAT ATT TTA TAA AAT ATA TAA AAC ACT CTA TAA AAT ATT TTA TAC	0
ACT CTT TTT TTC TCG CGA GAT ATC TCT CTC TCT CTT TTG TGT GTA TAG AGA GAT ATC TCT CTG TGT GTT TTC TCT CTC TCT CTA TAA AAA AAC ACG CGA GAA AAC ACT CTT TTT TTA TAA AAA AAA AAT ATC TCT CTG TGT GTG TGT GTG TGG GGC GCT CTG TGT GTC TCA CAC ACT CTC TCG CGG GGC GCT CTG TGC GCA CAT ATG TGC GCT CTT TTA TAG AGT GTG TGC GCA CAC ACT CTC TCA CAC ACG CGC GCA CAG AGT GTA TAT ATA TAA AAT ATT TTA TAA AAT ATA TAA AAC	0
ACT CTT TTT TTC TCG CGA GAT ATC TCT CTC TCT CTT TTG TGT GTA TAG AGA GAT ATC TCT CTG TGT GTT TTC TCT CTC TCT CTA TAA AAA AAC ACG CGA GAA AAC ACT CTT TTT TTA TAA AAA AAA AAT ATC TCT CTG TGT GTG TGT GTG TGG GGC GCT CTG TGT GTC TCA CAC ACT CTT TTG TGG GGC GCT CTG TGC GCA CAT ATG TGC GCT CTT TTA TAG AGT GTG TGC GCA CAC ACT CTC TCA CAC ACG CGC GCA CAG AGT GTA TAT ATA TAA AAT ATT TTA TAA AAT ATA TAA AAC	0
CGA GAT ATC TCT CTC TCT CTT TTG TGT GTA TAG AGA GAT ATC TCT CTG TGT GTT TTC TCT CTC TCT CTA TAA AAA AAC ACG CGA GAA AAC ACT CTT TTT TTA TAA AAA AAA AAT ATC TCT CTG TGT GTG TGT GTG TGG GGC GCT CTG TGT GTC TCA CAC ACT CTC TCG CGG GGC GCT CTG TGC GCA CAT ATG TGC GCT CTT TTA TAG AGT GTG TGC GCA CAC ACT CTC TCA CAC ACG CGC GCA CAG AGT GTA TAT ATA TAA AAT ATT TTA TAA AAT ATA TAA AAC ACT CTA TAA AAT ATT	0
TCC CCC CCA CAG AGG GGT GTA TAA AAC ACA CAA AAA AAC ACC CCA CAA AAC ACC CCA CAA AAC ACT CTT TTT TTC TCG CGA GAT ATC TCT CTC TCT CTT TTG TGT GTA TAG AGA GAT ATC TCT CTG TGT GTT TTC TCT CTC TCT CTA TAA AAA AAC ACG CGA GAA AAC ACT CTT TTT TTA TAA AAA AAA AAT ATC TCT CTG TGT GTG TGT GTG TGG GGC GCT CTG TGT GTC TCA CAC ACT CTC TCG CGG GGC GCT CTG TGC GCA CAT ATG TGC GCT CTT TTA TAG AGT GTG TGC GCA CAC	0
AGA GAT ATC TCT CTG TGT GTT TTC TCT CTC TCT CTA TAA AAA AAC ACG CGA GAA AAC ACT CTT TTT TTA TAA AAA AAA AAT ATC TCT CTG TGT GTG TGT GTG TGG GGC GCT CTG TGT GTC TCA CAC ACT CTC TCG CGG GGC GCT CTG TGC GCA CAT ATG TGC GCT CTT TTA TAG AGT GTG TGC GCA CAC ACT CTC TCA CAC ACG CGC GCA CAG AGT GTA TAT ATA TAA AAT ATT TTA TAA AAT ATA TAA AAC ACT CTA TAA AAT ATT TTA TAC ACT CTG TGT GTC TCG CGT GTT TTG TGA	0
AGA GAT ATC TCT CTG TGT GTT TTC TCT CTC TCT CTA TAA AAA AAC ACG CGA GAA AAC ACT CTT TTT TTA TAA AAA AAA AAT ATC TCT CTG TGT GTG TGT GTG TGG GGC GCT CTG TGT GTC TCA CAC ACT CTC TCG CGG GGC GCT CTG TGC GCA CAT ATG TGC GCT CTT TTA TAG AGT GTG TGC GCA CAC ACT CTC TCA CAC ACG CGC GCA CAG AGT GTA TAT ATA TAA AAT ATT TTA TAA AAT ATA TAA AAC ACT CTA TAA AAT ATT TTA TAC ACT CTG TGT GTC TCG CGT GTT TTG TGA	0
ACT CTT TTT TTC TCG CGA GAT ATC TCT CTC TCT CTT TTG TGT GTA TAG AGA GAT ATC TCT CTG TGT GTT TTC TCT CTC TCT CTA TAA AAA AAC ACG CGA GAA AAC ACT CTT TTT TTA TAA AAA AAA AAT ATC TCT CTG TGT GTG TGT GTG TGG GGC GCT CTG TGT GTC TCA CAC ACT CTC TCG CGG GGC GCT CTG TGC GCA CAT ATG TGC GCT CTT TTA TAG AGT GTG TGC GCA CAC ACT CTC TCA CAC ACG CGC GCA CAG AGT GTA TAT ATA TAA AAT ATT TTA TAA AAT ATA TAA AAC	0
AGA GAT ATC TCT CTG TGT GTT TTC TCT CTC TCT CTA TAA AAA AAC ACG CGA GAA AAC ACT CTT TTT TTA TAA AAA AAA AAT ATC TCT CTG TGT GTG TGT GTG TGG GGC GCT CTG TGT GTC TCA CAC ACT CTC TCG CGG GGC GCT CTG TGC GCA CAT ATG TGC GCT CTT TTA TAG AGT GTG TGC GCA CAC ACT CTC TCA CAC ACG CGC GCA CAG AGT GTA TAT ATA TAA AAT ATT TTA TAA AAT ATA TAA AAC ACT CTA TAA AAT ATT TTA TAC ACT CTG TGT GTC TCG CGT GTT TTG TGA	0
AGA GAT ATC TCT CTG TGT GTT TTC TCT CTC TCT CTA TAA AAA AAC ACG CGA GAA AAC ACT CTT TTT TTA TAA AAA AAA AAT ATC TCT CTG TGT GTG TGT GTG TGG GGC GCT CTG TGT GTC TCA CAC ACT CTC TCG CGG GGC GCT CTG TGC GCA CAT ATG TGC GCT CTT TTA TAG AGT GTG TGC GCA CAC ACT CTC TCA CAC ACG CGC GCA CAG AGT GTA TAT ATA TAA AAT ATT TTA TAA AAT ATA TAA AAC ACT CTA TAA AAT ATT TTA TAC ACT CTG TGT GTC TCG CGT GTT TTG TGA	0
AGA GAT ATC TCT CTG TGT GTT TTC TCT CTC TCT CTA TAA AAA AAC ACG CGA GAA AAC ACT CTT TTT TTA TAA AAA AAA AAT ATC TCT CTG TGT GTG TGT GTG TGG GGC GCT CTG TGT GTC TCA CAC ACT CTC TCG CGG GGC GCT CTG TGC GCA CAT ATG TGC GCT CTT TTA TAG AGT GTG TGC GCA CAC ACT CTC TCA CAC ACG CGC GCA CAG AGT GTA TAT ATA TAA AAT ATT TTA TAA AAT ATA TAA AAC ACT CTA TAA AAT ATT TTA TAC ACT CTG TGT GTC TCG CGT GTT TTG TGA	0
AGA GAT ATC TCT CTG TGT GTT TTC TCT CTC TCT CTA TAA AAA AAC ACG CGA GAA AAC ACT CTT TTT TTA TAA AAA AAA AAT ATC TCT CTG TGT GTG TGT GTG TGG GGC GCT CTG TGT GTC TCA CAC ACT CTC TCG CGG GGC GCT CTG TGC GCA CAT ATG TGC GCT CTT TTA TAG AGT GTG TGC GCA CAC ACT CTC TCA CAC ACG CGC GCA CAG AGT GTA TAT ATA TAA AAT ATT TTA TAA AAT ATA TAA AAC ACT CTA TAA AAT ATT TTA TAC ACT CTG TGT GTC TCG CGT GTT TTG TGA	0
AGA GAT ATC TCT CTG TGT GTT TTC TCT CTC TCT CTA TAA AAA AAC ACG CGA GAA AAC ACT CTT TTT TTA TAA AAA AAA AAT ATC TCT CTG TGT GTG TGT GTG TGG GGC GCT CTG TGT GTC TCA CAC ACT CTC TCG CGG GGC GCT CTG TGC GCA CAT ATG TGC GCT CTT TTA TAG AGT GTG TGC GCA CAC ACT CTC TCA CAC ACG CGC GCA CAG AGT GTA TAT ATA TAA AAT ATT TTA TAA AAT ATA TAA AAC ACT CTA TAA AAT ATT TTA TAC ACT CTG TGT GTC TCG CGT GTT TTG TGA	0
AGA GAT ATC TCT CTG TGT GTT TTC TCT CTC TCT CTA TAA AAA AAC ACG CGA GAA AAC ACT CTT TTT TTA TAA AAA AAA AAT ATC TCT CTG TGT GTG TGT GTG TGG GGC GCT CTG TGT GTC TCA CAC ACT CTC TCG CGG GGC GCT CTG TGC GCA CAT ATG TGC GCT CTT TTA TAG AGT GTG TGC GCA CAC ACT CTC TCA CAC ACG CGC GCA CAG AGT GTA TAT ATA TAA AAT ATT TTA TAA AAT ATA TAA AAC ACT CTA TAA AAT ATT TTA TAC ACT CTG TGT GTC TCG CGT GTT TTG TGA	0
AGA GAT ATC TCT CTG TGT GTT TTC TCT CTC TCT CTA TAA AAA AAC ACG CGA GAA AAC ACT CTT TTT TTA TAA AAA AAA AAT ATC TCT CTG TGT GTG TGT GTG TGG GGC GCT CTG TGT GTC TCA CAC ACT CTC TCG CGG GGC GCT CTG TGC GCA CAT ATG TGC GCT CTT TTA TAG AGT GTG TGC GCA CAC ACT CTC TCA CAC ACG CGC GCA CAG AGT GTA TAT ATA TAA AAT ATT TTA TAA AAT ATA TAA AAC ACT CTA TAA AAT ATT TTA TAC ACT CTG TGT GTC TCG CGT GTT TTG TGA	0
AGA GAT ATC TCT CTG TGT GTT TTC TCT CTC TCT CTA TAA AAA AAC ACG CGA GAA AAC ACT CTT TTT TTA TAA AAA AAA AAT ATC TCT CTG TGT GTG TGT GTG TGG GGC GCT CTG TGT GTC TCA CAC ACT CTC TCG CGG GGC GCT CTG TGC GCA CAT ATG TGC GCT CTT TTA TAG AGT GTG TGC GCA CAC ACT CTC TCA CAC ACG CGC GCA CAG AGT GTA TAT ATA TAA AAT ATT TTA TAA AAT ATA TAA AAC ACT CTA TAA AAT ATT TTA TAC ACT CTG TGT GTC TCG CGT GTT TTG TGA	0
AGA GAT ATC TCT CTG TGT GTT TTC TCT CTC TCT CTA TAA AAA AAC ACG CGA GAA AAC ACT CTT TTT TTA TAA AAA AAA AAT ATC TCT CTG TGT GTG TGT GTG TGG GGC GCT CTG TGT GTC TCA CAC ACT CTC TCG CGG GGC GCT CTG TGC GCA CAT ATG TGC GCT CTT TTA TAG AGT GTG TGC GCA CAC ACT CTC TCA CAC ACG CGC GCA CAG AGT GTA TAT ATA TAA AAT ATT TTA TAA AAT ATA TAA AAC ACT CTA TAA AAT ATT TTA TAC ACT CTG TGT GTC TCG CGT GTT TTG TGA	0
AGA GAT ATC TCT CTG TGT GTT TTC TCT CTC TCT CTA TAA AAA AAC ACG CGA GAA AAC ACT CTT TTT TTA TAA AAA AAA AAT ATC TCT CTG TGT GTG TGT GTG TGG GGC GCT CTG TGT GTC TCA CAC ACT CTC TCG CGG GGC GCT CTG TGC GCA CAT ATG TGC GCT CTT TTA TAG AGT GTG TGC GCA CAC ACT CTC TCA CAC ACG CGC GCA CAG AGT GTA TAT ATA TAA AAT ATT TTA TAA AAT ATA TAA AAC ACT CTA TAA AAT ATT TTA TAC ACT CTG TGT GTC TCG CGT GTT TTG TGA	0
AGA GAT ATC TCT CTG TGT GTT TTC TCT CTC TCT CTA TAA AAA AAC ACG CGA GAA AAC ACT CTT TTT TTA TAA AAA AAA AAT ATC TCT CTG TGT GTG TGT GTG TGG GGC GCT CTG TGT GTC TCA CAC ACT CTC TCG CGG GGC GCT CTG TGC GCA CAT ATG TGC GCT CTT TTA TAG AGT GTG TGC GCA CAC ACT CTC TCA CAC ACG CGC GCA CAG AGT GTA TAT ATA TAA AAT ATT TTA TAA AAT ATA TAA AAC ACT CTA TAA AAT ATT TTA TAC ACT CTG TGT GTC TCG CGT GTT TTG TGA	0
AGA GAT ATC TCT CTG TGT GTT TTC TCT CTC TCT CTA TAA AAA AAC ACG CGA GAA AAC ACT CTT TTT TTA TAA AAA AAA AAT ATC TCT CTG TGT GTG TGT GTG TGG GGC GCT CTG TGT GTC TCA CAC ACT CTC TCG CGG GGC GCT CTG TGC GCA CAT ATG TGC GCT CTT TTA TAG AGT GTG TGC GCA CAC ACT CTC TCA CAC ACG CGC GCA CAG AGT GTA TAT ATA TAA AAT ATT TTA TAA AAT ATA TAA AAC ACT CTA TAA AAT ATT TTA TAC ACT CTG TGT GTC TCG CGT GTT TTG TGA	0
AGA GAT ATC TCT CTG TGT GTT TTC TCT CTC TCT CTA TAA AAA AAC ACG CGA GAA AAC ACT CTT TTT TTA TAA AAA AAA AAT ATC TCT CTG TGT GTG TGT GTG TGG GGC GCT CTG TGT GTC TCA CAC ACT CTC TCG CGG GGC GCT CTG TGC GCA CAT ATG TGC GCT CTT TTA TAG AGT GTG TGC GCA CAC ACT CTC TCA CAC ACG CGC GCA CAG AGT GTA TAT ATA TAA AAT ATT TTA TAA AAT ATA TAA AAC ACT CTA TAA AAT ATT TTA TAC ACT CTG TGT GTC TCG CGT GTT TTG TGA	0
AAC ACT CTT TTT TTC TCG CGA GAT ATC TCT CTC TCT CTT TTG TGT GTA TAG AGA GAT ATC TCT CTG TGT GTT TTC TCT CTC TCT CTA TAA AAA AAC ACG CGA GAA AAC ACT CTT TTT TTA TAA AAA AAA AAT ATC TCT CTG TGT GTG TGT GTG TGG GGC GCT CTG TGT GTC TCA CAC ACT CTC TCG CGG GGC GCT CTG TGC GCA CAT ATG TGC GCT CTT TTA TAG AGT GTG TGC GCA CAC ACT CTC TCA CAC ACG CGC GCA CAG AGT GTA TAT ATA TAA AAT ATT TTA TAA AAT ATA TAA	0
AGA GAT ATC TCT CTG TGT GTT TTC TCT CTC TCT CTA TAA AAA AAC ACG CGA GAA AAC ACT CTT TTT TTA TAA AAA AAA AAT ATC TCT CTG TGT GTG TGT GTG TGG GGC GCT CTG TGT GTC TCA CAC ACT CTC TCG CGG GGC GCT CTG TGC GCA CAT ATG TGC GCT CTT TTA TAG AGT GTG TGC GCA CAC ACT CTC TCA CAC ACG CGC GCA CAG AGT GTA TAT ATA TAA AAT ATT TTA TAA AAT ATA TAA AAC ACT CTA TAA AAT ATT TTA TAC ACT CTG TGT GTC TCG CGT GTT TTG TGA	0
AGA GAT ATC TCT CTG TGT GTT TTC TCT CTC TCT CTA TAA AAA AAC ACG CGA GAA AAC ACT CTT TTT TTA TAA AAA AAA AAT ATC TCT CTG TGT GTG TGT GTG TGG GGC GCT CTG TGT GTC TCA CAC ACT CTC TCG CGG GGC GCT CTG TGC GCA CAT ATG TGC GCT CTT TTA TAG AGT GTG TGC GCA CAC ACT CTC TCA CAC ACG CGC GCA CAG AGT GTA TAT ATA TAA AAT ATT TTA TAA AAT ATA TAA AAC ACT CTA TAA AAT ATT TTA TAC ACT CTG TGT GTC TCG CGT GTT TTG TGA	0
TTT TTC TCG CGA GAT ATC TCT CTC TCT CTT TTG TGT GTA TAG AGA GAT ATC TCT CTG TGT GTT TTC TCT CTC TCT CTA TAA AAA AAC ACG CGA GAA AAC ACT CTT TTT TTA TAA AAA AAA AAT ATC TCT CTG TGT GTG TGT GTG TGG GGC GCT CTG TGT GTC TCA CAC ACT CTC TCG CGG GGC GCT CTG TGC GCA CAT ATG TGC GCT CTT TTA TAG AGT GTG TGC GCA CAC ACT CTC TCA CAC ACG CGC GCA CAG AGT GTA TAT ATA TAA AAT ATT TTA TAA AAT ATA TAA AAC ACT CTA	0
CAA AAC ACT CTT TTT TTC TCG CGA GAT ATC TCT CTC TCT CTT TTG TGT GTA TAG AGA GAT ATC TCT CTG TGT GTT TTC TCT CTC TCT CTA TAA AAA AAC ACG CGA GAA AAC ACT CTT TTT TTA TAA AAA AAA AAT ATC TCT CTG TGT GTG TGT GTG TGG GGC GCT CTG TGT GTC TCA CAC ACT CTC TCG CGG GGC GCT CTG TGC GCA CAT ATG TGC GCT CTT TTA TAG AGT GTG TGC GCA CAC ACT CTC TCA CAC ACG CGC GCA CAG AGT GTA TAT ATA TAA AAT ATT TTA TAA AAT ATA	0
AAA AAG AGG GGT GTT TTT TTA TAT ATA TAC ACC CCT CTT TTC TCC CCC CCA CAG AGG GGT GTA TAA AAC ACA CAA AAA AAC ACC CCA CAA AAC ACC CCA CAA AAC ACT CTT TTT TTC TCG CGA GAT ATC TCT CTC TCT CTT TTG TGT GTA TAG AGA GAT ATC TCT CTG TGT GTT TTC TCT CTC TCT CTA TAA AAA AAC ACG CGA GAA AAC ACT CTT TTT TTA TAA AAA AAA AAT ATC TCT CTG TGT GTG TGT GTG TGG GGC GCT CTG TGT GTC TCA CAC ACT CTC TCG CGG GGC GCT CTG	0
CAA AAC ACT CTT TTT TTC TCG CGA GAT ATC TCT CTC TCT CTT TTG TGT GTA TAG AGA GAT ATC TCT CTG TGT GTT TTC TCT CTC TCT CTA TAA AAA AAC ACG CGA GAA AAC ACT CTT TTT TTA TAA AAA AAA AAT ATC TCT CTG TGT GTG TGT GTG TGG GGC GCT CTG TGT GTC TCA CAC ACT CTC TCG CGG GGC GCT CTG TGC GCA CAT ATG TGC GCT CTT TTA TAG AGT GTG TGC GCA CAC ACT CTC TCA CAC ACG CGC GCA CAG AGT GTA TAT ATA TAA AAT ATT TTA TAA AAT ATA	0
GTA TAA AAC ACA CAA AAA AAC ACC CCA CAA AAC ACC CCA CAA AAC ACT CTT TTT TTC TCG CGA GAT ATC TCT CTC TCT CTT TTG TGT GTA TAG AGA GAT ATC TCT CTG TGT GTT TTC TCT CTC TCT CTA TAA AAA AAC ACG CGA GAA AAC ACT CTT TTT TTA TAA AAA AAA AAT ATC TCT CTG TGT GTG TGT GTG TGG GGC GCT CTG TGT GTC TCA CAC ACT CTC TCG CGG GGC GCT CTG TGC GCA CAT ATG TGC GCT CTT TTA TAG AGT GTG TGC GCA CAC ACT CTC TCA CAC ACG CGC	0
AAA AAG AGG GGT GTT TTT TTA TAT ATA TAC ACC CCT CTT TTC TCC CCC CCA CAG AGG GGT GTA TAA AAC ACA CAA AAA AAC ACC CCA CAA AAC ACC CCA CAA AAC ACT CTT TTT TTC TCG CGA GAT ATC TCT CTC TCT CTT TTG TGT GTA TAG AGA GAT ATC TCT CTG TGT GTT TTC TCT CTC TCT CTA TAA AAA AAC ACG CGA GAA AAC ACT CTT TTT TTA TAA AAA AAA AAT ATC TCT CTG TGT GTG TGT GTG TGG GGC GCT CTG TGT GTC TCA CAC ACT CTC TCG CGG GGC GCT CTG	0
ACC CCA CAA AAC ACC CCA CAA AAC ACT CTT TTT TTC TCG CGA GAT ATC TCT CTC TCT CTT TTG TGT GTA TAG AGA GAT ATC TCT CTG TGT GTT TTC TCT CTC TCT CTA TAA AAA AAC ACG CGA GAA AAC ACT CTT TTT TTA TAA AAA AAA AAT ATC TCT CTG TGT GTG TGT GTG TGG GGC GCT CTG TGT GTC TCA CAC ACT CTC TCG CGG GGC GCT CTG TGC GCA CAT ATG TGC GCT CTT TTA TAG AGT GTG TGC GCA CAC ACT CTC TCA CAC ACG CGC GCA CAG AGT GTA TAT ATA TAA	0
AAA AAG AGG GGT GTT TTT TTA TAT ATA TAC ACC CCT CTT TTC TCC CCC CCA CAG AGG GGT GTA TAA AAC ACA CAA AAA AAC ACC CCA CAA AAC ACC CCA CAA AAC ACT CTT TTT TTC TCG CGA GAT ATC TCT CTC TCT CTT TTG TGT GTA TAG AGA GAT ATC TCT CTG TGT GTT TTC TCT CTC TCT CTA TAA AAA AAC ACG CGA GAA AAC ACT CTT TTT TTA TAA AAA AAA AAT ATC TCT CTG TGT GTG TGT GTG TGG GGC GCT CTG TGT GTC TCA CAC ACT CTC TCG CGG GGC GCT CTG	0
AAA AAG AGG GGT GTT TTT TTA TAT ATA TAC ACC CCT CTT TTC TCC CCC CCA CAG AGG GGT GTA TAA AAC ACA CAA AAA AAC ACC CCA CAA AAC ACC CCA CAA AAC ACT CTT TTT TTC TCG CGA GAT ATC TCT CTC TCT CTT TTG TGT GTA TAG AGA GAT ATC TCT CTG TGT GTT TTC TCT CTC TCT CTA TAA AAA AAC ACG CGA GAA AAC ACT CTT TTT TTA TAA AAA AAA AAT ATC TCT CTG TGT GTG TGT GTG TGG GGC GCT CTG TGT GTC TCA CAC ACT CTC TCG CGG GGC GCT CTG	0
AAA AAG AGG GGT GTT TTT TTA TAT ATA TAC ACC CCT CTT TTC TCC CCC CCA CAG AGG GGT GTA TAA AAC ACA CAA AAA AAC ACC CCA CAA AAC ACC CCA CAA AAC ACT CTT TTT TTC TCG CGA GAT ATC TCT CTC TCT CTT TTG TGT GTA TAG AGA GAT ATC TCT CTG TGT GTT TTC TCT CTC TCT CTA TAA AAA AAC ACG CGA GAA AAC ACT CTT TTT TTA TAA AAA AAA AAT ATC TCT CTG TGT GTG TGT GTG TGG GGC GCT CTG TGT GTC TCA CAC ACT CTC TCG CGG GGC GCT CTG	0
AAA AAG AGG GGT GTT TTT TTA TAT ATA TAC ACC CCT CTT TTC TCC CCC CCA CAG AGG GGT GTA TAA AAC ACA CAA AAA AAC ACC CCA CAA AAC ACC CCA CAA AAC ACT CTT TTT TTC TCG CGA GAT ATC TCT CTC TCT CTT TTG TGT GTA TAG AGA GAT ATC TCT CTG TGT GTT TTC TCT CTC TCT CTA TAA AAA AAC ACG CGA GAA AAC ACT CTT TTT TTA TAA AAA AAA AAT ATC TCT CTG TGT GTG TGT GTG TGG GGC GCT CTG TGT GTC TCA CAC ACT CTC TCG CGG GGC GCT CTG	0
AAA AAG AGG GGT GTT TTT TTA TAT ATA TAC ACC CCT CTT TTC TCC CCC CCA CAG AGG GGT GTA TAA AAC ACA CAA AAA AAC ACC CCA CAA AAC ACC CCA CAA AAC ACT CTT TTT TTC TCG CGA GAT ATC TCT CTC TCT CTT TTG TGT GTA TAG AGA GAT ATC TCT CTG TGT GTT TTC TCT CTC TCT CTA TAA AAA AAC ACG CGA GAA AAC ACT CTT TTT TTA TAA AAA AAA AAT ATC TCT CTG TGT GTG TGT GTG TGG GGC GCT CTG TGT GTC TCA CAC ACT CTC TCG CGG GGC GCT CTG	0
AAA AAG AGG GGT GTT TTT TTA TAT ATA TAC ACC CCT CTT TTC TCC CCC CCA CAG AGG GGT GTA TAA AAC ACA CAA AAA AAC ACC CCA CAA AAC ACC CCA CAA AAC ACT CTT TTT TTC TCG CGA GAT ATC TCT CTC TCT CTT TTG TGT GTA TAG AGA GAT ATC TCT CTG TGT GTT TTC TCT CTC TCT CTA TAA AAA AAC ACG CGA GAA AAC ACT CTT TTT TTA TAA AAA AAA AAT ATC TCT CTG TGT GTG TGT GTG TGG GGC GCT CTG TGT GTC TCA CAC ACT CTC TCG CGG GGC GCT CTG	0
AAA AAG AGG GGT GTT TTT TTA TAT ATA TAC ACC CCT CTT TTC TCC CCC CCA CAG AGG GGT GTA TAA AAC ACA CAA AAA AAC ACC CCA CAA AAC ACC CCA CAA AAC ACT CTT TTT TTC TCG CGA GAT ATC TCT CTC TCT CTT TTG TGT GTA TAG AGA GAT ATC TCT CTG TGT GTT TTC TCT CTC TCT CTA TAA AAA AAC ACG CGA GAA AAC ACT CTT TTT TTA TAA AAA AAA AAT ATC TCT CTG TGT GTG TGT GTG TGG GGC GCT CTG TGT GTC TCA CAC ACT CTC TCG CGG GGC GCT CTG	0
AAA AAG AGG GGT GTT TTT TTA TAT ATA TAC ACC CCT CTT TTC TCC CCC CCA CAG AGG GGT GTA TAA AAC ACA CAA AAA AAC ACC CCA CAA AAC ACC CCA CAA AAC ACT CTT TTT TTC TCG CGA GAT ATC TCT CTC TCT CTT TTG TGT GTA TAG AGA GAT ATC TCT CTG TGT GTT TTC TCT CTC TCT CTA TAA AAA AAC ACG CGA GAA AAC ACT CTT TTT TTA TAA AAA AAA AAT ATC TCT CTG TGT GTG TGT GTG TGG GGC GCT CTG TGT GTC TCA CAC ACT CTC TCG CGG GGC GCT CTG	0
AAA AAG AGG GGT GTT TTT TTA TAT ATA TAC ACC CCT CTT TTC TCC CCC CCA CAG AGG GGT GTA TAA AAC ACA CAA AAA AAC ACC CCA CAA AAC ACC CCA CAA AAC ACT CTT TTT TTC TCG CGA GAT ATC TCT CTC TCT CTT TTG TGT GTA TAG AGA GAT ATC TCT CTG TGT GTT TTC TCT CTC TCT CTA TAA AAA AAC ACG CGA GAA AAC ACT CTT TTT TTA TAA AAA AAA AAT ATC TCT CTG TGT GTG TGT GTG TGG GGC GCT CTG TGT GTC TCA CAC ACT CTC TCG CGG GGC GCT CTG	0
TAA AAC ACA CAA AAA AAC ACC CCA CAA AAC ACC CCA CAA AAC ACT CTT TTT TTC TCG CGA GAT ATC TCT CTC TCT CTT TTG TGT GTA TAG AGA GAT ATC TCT CTG TGT GTT TTC TCT CTC TCT CTA TAA AAA AAC ACG CGA GAA AAC ACT CTT TTT TTA TAA AAA AAA AAT ATC TCT CTG TGT GTG TGT GTG TGG GGC GCT CTG TGT GTC TCA CAC ACT CTC TCG CGG GGC GCT CTG TGC GCA CAT ATG TGC GCT CTT TTA TAG AGT GTG TGC GCA CAC ACT CTC TCA CAC ACG CGC GCA	0
TCG CGA GAT ATC TCT CTC TCT CTT TTG TGT GTA TAG AGA GAT ATC TCT CTG TGT GTT TTC TCT CTC TCT CTA TAA AAA AAC ACG CGA GAA AAC ACT CTT TTT TTA TAA AAA AAA AAT ATC TCT CTG TGT GTG TGT GTG TGG GGC GCT CTG TGT GTC TCA CAC ACT CTC TCG CGG GGC GCT CTG TGC GCA CAT ATG TGC GCT CTT TTA TAG AGT GTG TGC GCA CAC ACT CTC TCA CAC ACG CGC GCA CAG AGT GTA TAT ATA TAA AAT ATT TTA TAA AAT ATA TAA AAC ACT CTA TAA AAT	0
ATT TTA TAA AAA AAG AGG GGT GTT TTT TTA TAT ATA TAC ACC CCT CTT TTC TCC CCC CCA CAG AGG GGT GTA TAA AAC ACA CAA AAA AAC ACC CCA CAA AAC ACC CCA CAA AAC ACT CTT TTT TTC TCG CGA GAT ATC TCT CTC TCT CTT TTG TGT GTA TAG AGA GAT ATC TCT CTG TGT GTT TTC TCT CTC TCT CTA TAA AAA AAC ACG CGA GAA AAC ACT CTT TTT TTA TAA AAA AAA AAT ATC TCT CTG TGT GTG TGT GTG TGG GGC GCT CTG TGT GTC TCA CAC ACT CTC TCG CGG	0
AGA GAT ATC TCT CTG TGT GTT TTC TCT CTC TCT CTA TAA AAA AAC ACG CGA GAA AAC ACT CTT TTT TTA TAA AAA AAA AAT ATC TCT CTG TGT GTG TGT GTG TGG GGC GCT CTG TGT GTC TCA CAC ACT CTC TCG CGG GGC GCT CTG TGC GCA CAT ATG TGC GCT CTT TTA TAG AGT GTG TGC GCA CAC ACT CTC TCA CAC ACG CGC GCA CAG AGT GTA TAT ATA TAA AAT ATT TTA TAA AAT ATA TAA AAC ACT CTA TAA AAT ATT TTA TAC ACT CTG TGT GTC TCG CGT GTT TTG TGA	0
AGA GAT ATC TCT CTG TGT GTT TTC TCT CTC TCT CTA TAA AAA AAC ACG CGA GAA AAC ACT CTT TTT TTA TAA AAA AAA AAT ATC TCT CTG TGT GTG TGT GTG TGG GGC GCT CTG TGT GTC TCA CAC ACT CTC TCG CGG GGC GCT CTG TGC GCA CAT ATG TGC GCT CTT TTA TAG AGT GTG TGC GCA CAC ACT CTC TCA CAC ACG CGC GCA CAG AGT GTA TAT ATA TAA AAT ATT TTA TAA AAT ATA TAA AAC ACT CTA TAA AAT ATT TTA TAC ACT CTG TGT GTC TCG CGT GTT TTG TGA	0
AGA GAT ATC TCT CTG TGT GTT TTC TCT CTC TCT CTA TAA AAA AAC ACG CGA GAA AAC ACT CTT TTT TTA TAA AAA AAA AAT ATC TCT CTG TGT GTG TGT GTG TGG GGC GCT CTG TGT GTC TCA CAC ACT CTC TCG CGG GGC GCT CTG TGC GCA CAT ATG TGC GCT CTT TTA TAG AGT GTG TGC GCA CAC ACT CTC TCA CAC ACG CGC GCA CAG AGT GTA TAT ATA TAA AAT ATT TTA TAA AAT ATA TAA AAC ACT CTA TAA AAT ATT TTA TAC ACT CTG TGT GTC TCG CGT GTT TTG TGA	0
AGA GAT ATC TCT CTG TGT GTT TTC TCT CTC TCT CTA TAA AAA AAC ACG CGA GAA AAC ACT CTT TTT TTA TAA AAA AAA AAT ATC TCT CTG TGT GTG TGT GTG TGG GGC GCT CTG TGT GTC TCA CAC ACT CTC TCG CGG GGC GCT CTG TGC GCA CAT ATG TGC GCT CTT TTA TAG AGT GTG TGC GCA CAC ACT CTC TCA CAC ACG CGC GCA CAG AGT GTA TAT ATA TAA AAT ATT TTA TAA AAT ATA TAA AAC ACT CTA TAA AAT ATT TTA TAC ACT CTG TGT GTC TCG CGT GTT TTG TGA	0
AGA GAT ATC TCT CTG TGT GTT TTC TCT CTC TCT CTA TAA AAA AAC ACG CGA GAA AAC ACT CTT TTT TTA TAA AAA AAA AAT ATC TCT CTG TGT GTG TGT GTG TGG GGC GCT CTG TGT GTC TCA CAC ACT CTC TCG CGG GGC GCT CTG TGC GCA CAT ATG TGC GCT CTT TTA TAG AGT GTG TGC GCA CAC ACT CTC TCA CAC ACG CGC GCA CAG AGT GTA TAT ATA TAA AAT ATT TTA TAA AAT ATA TAA AAC ACT CTA TAA AAT ATT TTA TAC ACT CTG TGT GTC TCG CGT GTT TTG TGA	0
AGA GAT ATC TCT CTG TGT GTT TTC TCT CTC TCT CTA TAA AAA AAC ACG CGA GAA AAC ACT CTT TTT TTA TAA AAA AAA AAT ATC TCT CTG TGT GTG TGT GTG TGG GGC GCT CTG TGT GTC TCA CAC ACT CTC TCG CGG GGC GCT CTG TGC GCA CAT ATG TGC GCT CTT TTA TAG AGT GTG TGC GCA CAC ACT CTC TCA CAC ACG CGC GCA CAG AGT GTA TAT ATA TAA AAT ATT TTA TAA AAT ATA TAA AAC ACT CTA TAA AAT ATT TTA TAC ACT CTG TGT GTC TCG CGT GTT TTG TGA	0
AGA GAT ATC TCT CTG TGT GTT TTC TCT CTC TCT CTA TAA AAA AAC ACG CGA GAA AAC ACT CTT TTT TTA TAA AAA AAA AAT ATC TCT CTG TGT GTG TGT GTG TGG GGC GCT CTG TGT GTC TCA CAC ACT CTC TCG CGG GGC GCT CTG TGC GCA CAT ATG TGC GCT CTT TTA TAG AGT GTG TGC GCA CAC ACT CTC TCA CAC ACG CGC GCA CAG AGT GTA TAT ATA TAA AAT ATT TTA TAA AAT ATA TAA AAC ACT CTA TAA AAT ATT TTA TAC ACT CTG TGT GTC TCG CGT GTT TTG TGA	0
AGA GAT ATC TCT CTG TGT GTT TTC TCT CTC TCT CTA TAA AAA AAC ACG CGA GAA AAC ACT CTT TTT TTA TAA AAA AAA AAT ATC TCT CTG TGT GTG TGT GTG TGG GGC GCT CTG TGT GTC TCA CAC ACT CTC TCG CGG GGC GCT CTG TGC GCA CAT ATG TGC GCT CTT TTA TAG AGT GTG TGC GCA CAC ACT CTC TCA CAC ACG CGC GCA CAG AGT GTA TAT ATA TAA AAT ATT TTA TAA AAT ATA TAA AAC ACT CTA TAA AAT ATT TTA TAC ACT CTG TGT GTC TCG CGT GTT TTG TGA	0
AGA GAT ATC TCT CTG TGT GTT TTC TCT CTC TCT CTA TAA AAA AAC ACG CGA GAA AAC ACT CTT TTT TTA TAA AAA AAA AAT ATC TCT CTG TGT GTG TGT GTG TGG GGC GCT CTG TGT GTC TCA CAC ACT CTC TCG CGG GGC GCT CTG TGC GCA CAT ATG TGC GCT CTT TTA TAG AGT GTG TGC GCA CAC ACT CTC TCA CAC ACG CGC GCA CAG AGT GTA TAT ATA TAA AAT ATT TTA TAA AAT ATA TAA AAC ACT CTA TAA AAT ATT TTA TAC ACT CTG TGT GTC TCG CGT GTT TTG TGA	0
AGA GAT ATC TCT CTG TGT GTT TTC TCT CTC TCT CTA TAA AAA AAC ACG CGA GAA AAC ACT CTT TTT TTA TAA AAA AAA AAT ATC TCT CTG TGT GTG TGT GTG TGG GGC GCT CTG TGT GTC TCA CAC ACT CTC TCG CGG GGC GCT CTG TGC GCA CAT ATG TGC GCT CTT TTA TAG AGT GTG TGC GCA CAC ACT CTC TCA CAC ACG CGC GCA CAG AGT GTA TAT ATA TAA AAT ATT TTA TAA AAT ATA TAA AAC ACT CTA TAA AAT ATT TTA TAC ACT CTG TGT GTC TCG CGT GTT TTG TGA	0
AGA GAT ATC TCT CTG TGT GTT TTC TCT CTC TCT CTA TAA AAA AAC ACG CGA GAA AAC ACT CTT TTT TTA TAA AAA AAA AAT ATC TCT CTG TGT GTG TGT GTG TGG GGC GCT CTG TGT GTC TCA CAC ACT CTC TCG CGG GGC GCT CTG TGC GCA CAT ATG TGC GCT CTT TTA TAG AGT GTG TGC GCA CAC ACT CTC TCA CAC ACG CGC GCA CAG AGT GTA TAT ATA TAA AAT ATT TTA TAA AAT ATA TAA AAC ACT CTA TAA AAT ATT TTA TAC ACT CTG TGT GTC TCG CGT GTT TTG TGA	0
AGA GAT ATC TCT CTG TGT GTT TTC TCT CTC TCT CTA TAA AAA AAC ACG CGA GAA AAC ACT CTT TTT TTA TAA AAA AAA AAT ATC TCT CTG TGT GTG TGT GTG TGG GGC GCT CTG TGT GTC TCA CAC ACT CTC TCG CGG GGC GCT CTG TGC GCA CAT ATG TGC GCT CTT TTA TAG AGT GTG TGC GCA CAC ACT CTC TCA CAC ACG CGC GCA CAG AGT GTA TAT ATA TAA AAT ATT TTA TAA AAT ATA TAA AAC ACT CTA TAA AAT ATT TTA TAC ACT CTG TGT GTC TCG CGT GTT TTG TGA	0
AGA GAT ATC TCT CTG TGT GTT TTC TCT CTC TCT CTA TAA AAA AAC ACG CGA GAA AAC ACT CTT TTT TTA TAA AAA AAA AAT ATC TCT CTG TGT GTG TGT GTG TGG GGC GCT CTG TGT GTC TCA CAC ACT CTC TCG CGG GGC GCT CTG TGC GCA CAT ATG TGC GCT CTT TTA TAG AGT GTG TGC GCA CAC ACT CTC TCA CAC ACG CGC GCA CAG AGT GTA TAT ATA TAA AAT ATT TTA TAA AAT ATA TAA AAC ACT CTA TAA AAT ATT TTA TAC ACT CTG TGT GTC TCG CGT GTT TTG TGA	0
AGA GAT ATC TCT CTG TGT GTT TTC TCT CTC TCT CTA TAA AAA AAC ACG CGA GAA AAC ACT CTT TTT TTA TAA AAA AAA AAT ATC TCT CTG TGT GTG TGT GTG TGG GGC GCT CTG TGT GTC TCA CAC ACT CTC TCG CGG GGC GCT CTG TGC GCA CAT ATG TGC GCT CTT TTA TAG AGT GTG TGC GCA CAC ACT CTC TCA CAC ACG CGC GCA CAG AGT GTA TAT ATA TAA AAT ATT TTA TAA AAT ATA TAA AAC ACT CTA TAA AAT ATT TTA TAC ACT CTG TGT GTC TCG CGT GTT TTG TGA	0
AGA GAT ATC TCT CTG TGT GTT TTC TCT CTC TCT CTA TAA AAA AAC ACG CGA GAA AAC ACT CTT TTT TTA TAA AAA AAA AAT ATC TCT CTG TGT GTG TGT GTG TGG GGC GCT CTG TGT GTC TCA CAC ACT CTC TCG CGG GGC GCT CTG TGC GCA CAT ATG TGC GCT CTT TTA TAG AGT GTG TGC GCA CAC ACT CTC TCA CAC ACG CGC GCA CAG AGT GTA TAT ATA TAA AAT ATT TTA TAA AAT ATA TAA AAC ACT CTA TAA AAT ATT TTA TAC ACT CTG TGT GTC TCG CGT GTT TTG TGA	0
AGA GAT ATC TCT CTG TGT GTT TTC TCT CTC TCT CTA TAA AAA AAC ACG CGA GAA AAC ACT CTT TTT TTA TAA AAA AAA AAT ATC TCT CTG TGT GTG TGT GTG TGG GGC GCT CTG TGT GTC TCA CAC ACT CTC TCG CGG GGC GCT CTG TGC GCA CAT ATG TGC GCT CTT TTA TAG AGT GTG TGC GCA CAC ACT CTC TCA CAC ACG CGC GCA CAG AGT GTA TAT ATA TAA AAT ATT TTA TAA AAT ATA TAA AAC ACT CTA TAA AAT ATT TTA TAC ACT CTG TGT GTC TCG CGT GTT TTG TGA	0
AGA GAT ATC TCT CTG TGT GTT TTC TCT CTC TCT CTA TAA AAA AAC ACG CGA GAA AAC ACT CTT TTT TTA TAA AAA AAA AAT ATC TCT CTG TGT GTG TGT GTG TGG GGC GCT CTG TGT GTC TCA CAC ACT CTC TCG CGG GGC GCT CTG TGC GCA CAT ATG TGC GCT CTT TTA TAG AGT GTG TGC GCA CAC ACT CTC TCA CAC ACG CGC GCA CAG AGT GTA TAT ATA TAA AAT ATT TTA TAA AAT ATA TAA AAC ACT CTA TAA AAT ATT TTA TAC ACT CTG TGT GTC TCG CGT GTT TTG TGA	0
AGA GAT ATC TCT CTG TGT GTT TTC TCT CTC TCT CTA TAA AAA AAC ACG CGA GAA AAC ACT CTT TTT TTA TAA AAA AAA AAT ATC TCT CTG TGT GTG TGT GTG TGG GGC GCT CTG TGT GTC TCA CAC ACT CTC TCG CGG GGC GCT CTG TGC GCA CAT ATG TGC GCT CTT TTA TAG AGT GTG TGC GCA CAC ACT CTC TCA CAC ACG CGC GCA CAG AGT GTA TAT ATA TAA AAT ATT TTA TAA AAT ATA TAA AAC ACT CTA TAA AAT ATT TTA TAC ACT CTG TGT GTC TCG CGT GTT TTG TGA	0
AAC ACT CTT TTT TTC TCG CGA GAT ATC TCT CTC TCT CTT TTG TGT GTA TAG AGA GAT ATC TCT CTG TGT GTT TTC TCT CTC TCT CTA TAA AAA AAC ACG CGA GAA AAC ACT CTT TTT TTA TAA AAA AAA AAT ATC TCT CTG TGT GTG TGT GTG TGG GGC GCT CTG TGT GTC TCA CAC ACT CTC TCG CGG GGC GCT CTG TGC GCA CAT ATG TGC GCT CTT TTA TAG AGT GTG TGC GCA CAC ACT CTC TCA CAC ACG CGC GCA CAG AGT GTA TAT ATA TAA AAT ATT TTA TAA AAT ATA TAA	0
TAA AAA AAG AGG GGT GTT TTT TTA TAT ATA TAC ACC CCT CTT TTC TCC CCC CCA CAG AGG GGT GTA TAA AAC ACA CAA AAA AAC ACC CCA CAA AAC ACC CCA CAA AAC ACT CTT TTT TTC TCG CGA GAT ATC TCT CTC TCT CTT TTG TGT GTA TAG AGA GAT ATC TCT CTG TGT GTT TTC TCT CTC TCT CTA TAA AAA AAC ACG CGA GAA AAC ACT CTT TTT TTA TAA AAA AAA AAT ATC TCT CTG TGT GTG TGT GTG TGG GGC GCT CTG TGT GTC TCA CAC ACT CTC TCG CGG GGC GCT	0
ATA TAA AAC ACT CTA TAA AAT ATT TTA TAC ACT CTG TGT GTC TCG CGT GTT TTG TGA GAC ACA CAG AGG GGA GAC ACA CAC ACG CGA GAG AGT GTA TAA AAC ACT CTC TCT CTT TTC TCT CTA TAT ATC TCT CTT TTC TCT CTG TGC GCA CAG AGG GGC GCT CTG TGC GCT CTT TTA TAC ACG CGG GGT GTT TTT TTC TCG CGT GTC TCC CCG CGT GTG TGT GTT TTG TGC GCA CAG AGC GCC CCG CGA GAT ATC TCA CAT ATC TCA CAG AGC GCA CAC ACA CAT ATC TCT CTA TAG AGG	0
AAC ACT CTT TTT TTA TAA AAA AAA AAT ATC TCT CTG TGT GTG TGT GTG TGG GGC GCT CTG TGT GTC TCA CAC ACT CTC TCG CGG GGC GCT CTG TGC GCA CAT ATG TGC GCT CTT TTA TAG AGT GTG TGC GCA CAC ACT CTC TCA CAC ACG CGC GCA CAG AGT GTA TAT ATA TAA AAT ATT TTA TAA AAT ATA TAA AAC ACT CTA TAA AAT ATT TTA TAC ACT CTG TGT GTC TCG CGT GTT TTG TGA GAC ACA CAG AGG GGA GAC ACA CAC ACG CGA GAG AGT GTA TAA AAC ACT CTC TCT	0
ACC CCA CAA AAC ACC CCA CAA AAC ACT CTT TTT TTC TCG CGA GAT ATC TCT CTC TCT CTT TTG TGT GTA TAG AGA GAT ATC TCT CTG TGT GTT TTC TCT CTC TCT CTA TAA AAA AAC ACG CGA GAA AAC ACT CTT TTT TTA TAA AAA AAA AAT ATC TCT CTG TGT GTG TGT GTG TGG GGC GCT CTG TGT GTC TCA CAC ACT CTC TCG CGG GGC GCT CTG TGC GCA CAT ATG TGC GCT CTT TTA TAG AGT GTG TGC GCA CAC ACT CTC TCA CAC ACG CGC GCA CAG AGT GTA TAT ATA TAA	0
ACC CCA CAA AAC ACC CCA CAA AAC ACT CTT TTT TTC TCG CGA GAT ATC TCT CTC TCT CTT TTG TGT GTA TAG AGA GAT ATC TCT CTG TGT GTT TTC TCT CTC TCT CTA TAA AAA AAC ACG CGA GAA AAC ACT CTT TTT TTA TAA AAA AAA AAT ATC TCT CTG TGT GTG TGT GTG TGG GGC GCT CTG TGT GTC TCA CAC ACT CTC TCG CGG GGC GCT CTG TGC GCA CAT ATG TGC GCT CTT TTA TAG AGT GTG TGC GCA CAC ACT CTC TCA CAC ACG CGC GCA CAG AGT GTA TAT ATA TAA	0
TAA AAC ACA CAA AAA AAC ACC CCA CAA AAC ACC CCA CAA AAC ACT CTT TTT TTC TCG CGA GAT ATC TCT CTC TCT CTT TTG TGT GTA TAG AGA GAT ATC TCT CTG TGT GTT TTC TCT CTC TCT CTA TAA AAA AAC ACG CGA GAA AAC ACT CTT TTT TTA TAA AAA AAA AAT ATC TCT CTG TGT GTG TGT GTG TGG GGC GCT CTG TGT GTC TCA CAC ACT CTC TCG CGG GGC GCT CTG TGC GCA CAT ATG TGC GCT CTT TTA TAG AGT GTG TGC GCA CAC ACT CTC TCA CAC ACG CGC GCA	0
AAA AAG AGG GGT GTT TTT TTA TAT ATA TAC ACC CCT CTT TTC TCC CCC CCA CAG AGG GGT GTA TAA AAC ACA CAA AAA AAC ACC CCA CAA AAC ACC CCA CAA AAC ACT CTT TTT TTC TCG CGA GAT ATC TCT CTC TCT CTT TTG TGT GTA TAG AGA GAT ATC TCT CTG TGT GTT TTC TCT CTC TCT CTA TAA AAA AAC ACG CGA GAA AAC ACT CTT TTT TTA TAA AAA AAA AAT ATC TCT CTG TGT GTG TGT GTG TGG GGC GCT CTG TGT GTC TCA CAC ACT CTC TCG CGG GGC GCT CTG	0
TAA AAC ACA CAA AAA AAC ACC CCA CAA AAC ACC CCA CAA AAC ACT CTT TTT TTC TCG CGA GAT ATC TCT CTC TCT CTT TTG TGT GTA TAG AGA GAT ATC TCT CTG TGT GTT TTC TCT CTC TCT CTA TAA AAA AAC ACG CGA GAA AAC ACT CTT TTT TTA TAA AAA AAA AAT ATC TCT CTG TGT GTG TGT GTG TGG GGC GCT CTG TGT GTC TCA CAC ACT CTC TCG CGG GGC GCT CTG TGC GCA CAT ATG TGC GCT CTT TTA TAG AGT GTG TGC GCA CAC ACT CTC TCA CAC ACG CGC GCA	0
ACC CCA CAA AAC ACC CCA CAA AAC ACT CTT TTT TTC TCG CGA GAT ATC TCT CTC TCT CTT TTG TGT GTA TAG AGA GAT ATC TCT CTG TGT GTT TTC TCT CTC TCT CTA TAA AAA AAC ACG CGA GAA AAC ACT CTT TTT TTA TAA AAA AAA AAT ATC TCT CTG TGT GTG TGT GTG TGG GGC GCT CTG TGT GTC TCA CAC ACT CTC TCG CGG GGC GCT CTG TGC GCA CAT ATG TGC GCT CTT TTA TAG AGT GTG TGC GCA CAC ACT CTC TCA CAC ACG CGC GCA CAG AGT GTA TAT ATA TAA	0
TAA AAA AAG AGG GGT GTT TTT TTA TAT ATA TAC ACC CCT CTT TTC TCC CCC CCA CAG AGG GGT GTA TAA AAC ACA CAA AAA AAC ACC CCA CAA AAC ACC CCA CAA AAC ACT CTT TTT TTC TCG CGA GAT ATC TCT CTC TCT CTT TTG TGT GTA TAG AGA GAT ATC TCT CTG TGT GTT TTC TCT CTC TCT CTA TAA AAA AAC ACG CGA GAA AAC ACT CTT TTT TTA TAA AAA AAA AAT ATC TCT CTG TGT GTG TGT GTG TGG GGC GCT CTG TGT GTC TCA CAC ACT CTC TCG CGG GGC GCT	0
ACC CCA CAA AAC ACT CTT TTT TTC TCG CGA GAT ATC TCT CTC TCT CTT TTG TGT GTA TAG AGA GAT ATC TCT CTG TGT GTT TTC TCT CTC TCT CTA TAA AAA AAC ACG CGA GAA AAC ACT CTT TTT TTA TAA AAA AAA AAT ATC TCT CTG TGT GTG TGT GTG TGG GGC GCT CTG TGT GTC TCA CAC ACT CTC TCG CGG GGC GCT CTG TGC GCA CAT ATG TGC GCT CTT TTA TAG AGT GTG TGC GCA CAC ACT CTC TCA CAC ACG CGC GCA CAG AGT GTA TAT ATA TAA AAT ATT TTA TAA	0
AAC ACT CTT TTT TTA TAA AAA AAA AAT ATC TCT CTG TGT GTG TGT GTG TGG GGC GCT CTG TGT GTC TCA CAC ACT CTC TCG CGG GGC GCT CTG TGC GCA CAT ATG TGC GCT CTT TTA TAG AGT GTG TGC GCA CAC ACT CTC TCA CAC ACG CGC GCA CAG AGT GTA TAT ATA TAA AAT ATT TTA TAA AAT ATA TAA AAC ACT CTA TAA AAT ATT TTA TAC ACT CTG TGT GTC TCG CGT GTT TTG TGA GAC ACA CAG AGG GGA GAC ACA CAC ACG CGA GAG AGT GTA TAA AAC ACT CTC TCT	0
CTT TTT TTC TCG CGA GAT ATC TCT CTC TCT CTT TTG TGT GTA TAG AGA GAT ATC TCT CTG TGT GTT TTC TCT CTC TCT CTA TAA AAA AAC ACG CGA GAA AAC ACT CTT TTT TTA TAA AAA AAA AAT ATC TCT CTG TGT GTG TGT GTG TGG GGC GCT CTG TGT GTC TCA CAC ACT CTC TCG CGG GGC GCT CTG TGC GCA CAT ATG TGC GCT CTT TTA TAG AGT GTG TGC GCA CAC ACT CTC TCA CAC ACG CGC GCA CAG AGT GTA TAT ATA TAA AAT ATT TTA TAA AAT ATA TAA AAC ACT	0
TTG TGT GTA TAG AGA GAT ATC TCT CTG TGT GTT TTC TCT CTC TCT CTA TAA AAA AAC ACG CGA GAA AAC ACT CTT TTT TTA TAA AAA AAA AAT ATC TCT CTG TGT GTG TGT GTG TGG GGC GCT CTG TGT GTC TCA CAC ACT CTC TCG CGG GGC GCT CTG TGC GCA CAT ATG TGC GCT CTT TTA TAG AGT GTG TGC GCA CAC ACT CTC TCA CAC ACG CGC GCA CAG AGT GTA TAT ATA TAA AAT ATT TTA TAA AAT ATA TAA AAC ACT CTA TAA AAT ATT TTA TAC ACT CTG TGT GTC TCG	0
TTT TTC TCG CGA GAT ATC TCT CTC TCT CTT TTG TGT GTA TAG AGA GAT ATC TCT CTG TGT GTT TTC TCT CTC TCT CTA TAA AAA AAC ACG CGA GAA AAC ACT CTT TTT TTA TAA AAA AAA AAT ATC TCT CTG TGT GTG TGT GTG TGG GGC GCT CTG TGT GTC TCA CAC ACT CTC TCG CGG GGC GCT CTG TGC GCA CAT ATG TGC GCT CTT TTA TAG AGT GTG TGC GCA CAC ACT CTC TCA CAC ACG CGC GCA CAG AGT GTA TAT ATA TAA AAT ATT TTA TAA AAT ATA TAA AAC ACT CTA	0
TCC CCC CCA CAG AGG GGT GTA TAA AAC ACA CAA AAA AAC ACC CCA CAA AAC ACC CCA CAA AAC ACT CTT TTT TTC TCG CGA GAT ATC TCT CTC TCT CTT TTG TGT GTA TAG AGA GAT ATC TCT CTG TGT GTT TTC TCT CTC TCT CTA TAA AAA AAC ACG CGA GAA AAC ACT CTT TTT TTA TAA AAA AAA AAT ATC TCT CTG TGT GTG TGT GTG TGG GGC GCT CTG TGT GTC TCA CAC ACT CTC TCG CGG GGC GCT CTG TGC GCA CAT ATG TGC GCT CTT TTA TAG AGT GTG TGC GCA CAC	0
TTG TGT GTA TAG AGA GAT ATC TCT CTG TGT GTT TTC TCT CTC TCT CTA TAA AAA AAC ACG CGA GAA AAC ACT CTT TTT TTA TAA AAA AAA AAT ATC TCT CTG TGT GTG TGT GTG TGG GGC GCT CTG TGT GTC TCA CAC ACT CTC TCG CGG GGC GCT CTG TGC GCA CAT ATG TGC GCT CTT TTA TAG AGT GTG TGC GCA CAC ACT CTC TCA CAC ACG CGC GCA CAG AGT GTA TAT ATA TAA AAT ATT TTA TAA AAT ATA TAA AAC ACT CTA TAA AAT ATT TTA TAC ACT CTG TGT GTC TCG	0
TTG TGT GTA TAG AGA GAT ATC TCT CTG TGT GTT TTC TCT CTC TCT CTA TAA AAA AAC ACG CGA GAA AAC ACT CTT TTT TTA TAA AAA AAA AAT ATC TCT CTG TGT GTG TGT GTG TGG GGC GCT CTG TGT GTC TCA CAC ACT CTC TCG CGG GGC GCT CTG TGC GCA CAT ATG TGC GCT CTT TTA TAG AGT GTG TGC GCA CAC ACT CTC TCA CAC ACG CGC GCA CAG AGT GTA TAT ATA TAA AAT ATT TTA TAA AAT ATA TAA AAC ACT CTA TAA AAT ATT TTA TAC ACT CTG TGT GTC TCG	0
TTG TGT GTA TAG AGA GAT ATC TCT CTG TGT GTT TTC TCT CTC TCT CTA TAA AAA AAC ACG CGA GAA AAC ACT CTT TTT TTA TAA AAA AAA AAT ATC TCT CTG TGT GTG TGT GTG TGG GGC GCT CTG TGT GTC TCA CAC ACT CTC TCG CGG GGC GCT CTG TGC GCA CAT ATG TGC GCT CTT TTA TAG AGT GTG TGC GCA CAC ACT CTC TCA CAC ACG CGC GCA CAG AGT GTA TAT ATA TAA AAT ATT TTA TAA AAT ATA TAA AAC ACT CTA TAA AAT ATT TTA TAC ACT CTG TGT GTC TCG	0
TTG TGT GTA TAG AGA GAT ATC TCT CTG TGT GTT TTC TCT CTC TCT CTA TAA AAA AAC ACG CGA GAA AAC ACT CTT TTT TTA TAA AAA AAA AAT ATC TCT CTG TGT GTG TGT GTG TGG GGC GCT CTG TGT GTC TCA CAC ACT CTC TCG CGG GGC GCT CTG TGC GCA CAT ATG TGC GCT CTT TTA TAG AGT GTG TGC GCA CAC ACT CTC TCA CAC ACG CGC GCA CAG AGT GTA TAT ATA TAA AAT ATT TTA TAA AAT ATA TAA AAC ACT CTA TAA AAT ATT TTA TAC ACT CTG TGT GTC TCG	0
TTG TGT GTA TAG AGA GAT ATC TCT CTG TGT GTT TTC TCT CTC TCT CTA TAA AAA AAC ACG CGA GAA AAC ACT CTT TTT TTA TAA AAA AAA AAT ATC TCT CTG TGT GTG TGT GTG TGG GGC GCT CTG TGT GTC TCA CAC ACT CTC TCG CGG GGC GCT CTG TGC GCA CAT ATG TGC GCT CTT TTA TAG AGT GTG TGC GCA CAC ACT CTC TCA CAC ACG CGC GCA CAG AGT GTA TAT ATA TAA AAT ATT TTA TAA AAT ATA TAA AAC ACT CTA TAA AAT ATT TTA TAC ACT CTG TGT GTC TCG	0
TTG TGT GTA TAG AGA GAT ATC TCT CTG TGT GTT TTC TCT CTC TCT CTA TAA AAA AAC ACG CGA GAA AAC ACT CTT TTT TTA TAA AAA AAA AAT ATC TCT CTG TGT GTG TGT GTG TGG GGC GCT CTG TGT GTC TCA CAC ACT CTC TCG CGG GGC GCT CTG TGC GCA CAT ATG TGC GCT CTT TTA TAG AGT GTG TGC GCA CAC ACT CTC TCA CAC ACG CGC GCA CAG AGT GTA TAT ATA TAA AAT ATT TTA TAA AAT ATA TAA AAC ACT CTA TAA AAT ATT TTA TAC ACT CTG TGT GTC TCG	0
TTG TGT GTA TAG AGA GAT ATC TCT CTG TGT GTT TTC TCT CTC TCT CTA TAA AAA AAC ACG CGA GAA AAC ACT CTT TTT TTA TAA AAA AAA AAT ATC TCT CTG TGT GTG TGT GTG TGG GGC GCT CTG TGT GTC TCA CAC ACT CTC TCG CGG GGC GCT CTG TGC GCA CAT ATG TGC GCT CTT TTA TAG AGT GTG TGC GCA CAC ACT CTC TCA CAC ACG CGC GCA CAG AGT GTA TAT ATA TAA AAT ATT TTA TAA AAT ATA TAA AAC ACT CTA TAA AAT ATT TTA TAC ACT CTG TGT GTC TCG	0
CTT TTC TCC CCC CCA CAG AGG GGT GTA TAA AAC ACA CAA AAA AAC ACC CCA CAA AAC ACC CCA CAA AAC ACT CTT TTT TTC TCG CGA GAT ATC TCT CTC TCT CTT TTG TGT GTA TAG AGA GAT ATC TCT CTG TGT GTT TTC TCT CTC TCT CTA TAA AAA AAC ACG CGA GAA AAC ACT CTT TTT TTA TAA AAA AAA AAT ATC TCT CTG TGT GTG TGT GTG TGG GGC GCT CTG TGT GTC TCA CAC ACT CTC TCG CGG GGC GCT CTG TGC GCA CAT ATG TGC GCT CTT TTA TAG AGT GTG TGC	0
CCA CAA AAC ACC CCA CAA AAC ACT CTT TTT TTC TCG CGA GAT ATC TCT CTC TCT CTT TTG TGT GTA TAG AGA GAT ATC TCT CTG TGT GTT TTC TCT CTC TCT CTA TAA AAA AAC ACG CGA GAA AAC ACT CTT TTT TTA TAA AAA AAA AAT ATC TCT CTG TGT GTG TGT GTG TGG GGC GCT CTG TGT GTC TCA CAC ACT CTC TCG CGG GGC GCT CTG TGC GCA CAT ATG TGC GCT CTT TTA TAG AGT GTG TGC GCA CAC ACT CTC TCA CAC ACG CGC GCA CAG AGT GTA TAT ATA TAA AAT	0
ACC CCA CAA AAC ACC CCA CAA AAC ACT CTT TTT TTC TCG CGA GAT ATC TCT CTC TCT CTT TTG TGT GTA TAG AGA GAT ATC TCT CTG TGT GTT TTC TCT CTC TCT CTA TAA AAA AAC ACG CGA GAA AAC ACT CTT TTT TTA TAA AAA AAA AAT ATC TCT CTG TGT GTG TGT GTG TGG GGC GCT CTG TGT GTC TCA CAC ACT CTC TCG CGG GGC GCT CTG TGC GCA CAT ATG TGC GCT CTT TTA TAG AGT GTG TGC GCA CAC ACT CTC TCA CAC ACG CGC GCA CAG AGT GTA TAT ATA TAA	0
ACC CCA CAA AAC ACC CCA CAA AAC ACT CTT TTT TTC TCG CGA GAT ATC TCT CTC TCT CTT TTG TGT GTA TAG AGA GAT ATC TCT CTG TGT GTT TTC TCT CTC TCT CTA TAA AAA AAC ACG CGA GAA AAC ACT CTT TTT TTA TAA AAA AAA AAT ATC TCT CTG TGT GTG TGT GTG TGG GGC GCT CTG TGT GTC TCA CAC ACT CTC TCG CGG GGC GCT CTG TGC GCA CAT ATG TGC GCT CTT TTA TAG AGT GTG TGC GCA CAC ACT CTC TCA CAC ACG CGC GCA CAG AGT GTA TAT ATA TAA	0
CCA CAA AAC ACT CTT TTT TTC TCG CGA GAT ATC TCT CTC TCT CTT TTG TGT GTA TAG AGA GAT ATC TCT CTG TGT GTT TTC TCT CTC TCT CTA TAA AAA AAC ACG CGA GAA AAC ACT CTT TTT TTA TAA AAA AAA AAT ATC TCT CTG TGT GTG TGT GTG TGG GGC GCT CTG TGT GTC TCA CAC ACT CTC TCG CGG GGC GCT CTG TGC GCA CAT ATG TGC GCT CTT TTA TAG AGT GTG TGC GCA CAC ACT CTC TCA CAC ACG CGC GCA CAG AGT GTA TAT ATA TAA AAT ATT TTA TAA AAT	0
ACC CCA CAA AAC ACC CCA CAA AAC ACT CTT TTT TTC TCG CGA GAT ATC TCT CTC TCT CTT TTG TGT GTA TAG AGA GAT ATC TCT CTG TGT GTT TTC TCT CTC TCT CTA TAA AAA AAC ACG CGA GAA AAC ACT CTT TTT TTA TAA AAA AAA AAT ATC TCT CTG TGT GTG TGT GTG TGG GGC GCT CTG TGT GTC TCA CAC ACT CTC TCG CGG GGC GCT CTG TGC GCA CAT ATG TGC GCT CTT TTA TAG AGT GTG TGC GCA CAC ACT CTC TCA CAC ACG CGC GCA CAG AGT GTA TAT ATA TAA	0
ACC CCA CAA AAC ACC CCA CAA AAC ACT CTT TTT TTC TCG CGA GAT ATC TCT CTC TCT CTT TTG TGT GTA TAG AGA GAT ATC TCT CTG TGT GTT TTC TCT CTC TCT CTA TAA AAA AAC ACG CGA GAA AAC ACT CTT TTT TTA TAA AAA AAA AAT ATC TCT CTG TGT GTG TGT GTG TGG GGC GCT CTG TGT GTC TCA CAC ACT CTC TCG CGG GGC GCT CTG TGC GCA CAT ATG TGC GCT CTT TTA TAG AGT GTG TGC GCA CAC ACT CTC TCA CAC ACG CGC GCA CAG AGT GTA TAT ATA TAA	0
AGA GAT ATC TCT CTG TGT GTT TTC TCT CTC TCT CTA TAA AAA AAC ACG CGA GAA AAC ACT CTT TTT TTA TAA AAA AAA AAT ATC TCT CTG TGT GTG TGT GTG TGG GGC GCT CTG TGT GTC TCA CAC ACT CTC TCG CGG GGC GCT CTG TGC GCA CAT ATG TGC GCT CTT TTA TAG AGT GTG TGC GCA CAC ACT CTC TCA CAC ACG CGC GCA CAG AGT GTA TAT ATA TAA AAT ATT TTA TAA AAT ATA TAA AAC ACT CTA TAA AAT ATT TTA TAC ACT CTG TGT GTC TCG CGT GTT TTG TGA	0
AGA GAT ATC TCT CTG TGT GTT TTC TCT CTC TCT CTA TAA AAA AAC ACG CGA GAA AAC ACT CTT TTT TTA TAA AAA AAA AAT ATC TCT CTG TGT GTG TGT GTG TGG GGC GCT CTG TGT GTC TCA CAC ACT CTC TCG CGG GGC GCT CTG TGC GCA CAT ATG TGC GCT CTT TTA TAG AGT GTG TGC GCA CAC ACT CTC TCA CAC ACG CGC GCA CAG AGT GTA TAT ATA TAA AAT ATT TTA TAA AAT ATA TAA AAC ACT CTA TAA AAT ATT TTA TAC ACT CTG TGT GTC TCG CGT GTT TTG TGA	0
TTC TCC CCC CCA CAG AGG GGT GTA TAA AAC ACA CAA AAA AAC ACC CCA CAA AAC ACC CCA CAA AAC ACT CTT TTT TTC TCG CGA GAT ATC TCT CTC TCT CTT TTG TGT GTA TAG AGA GAT ATC TCT CTG TGT GTT TTC TCT CTC TCT CTA TAA AAA AAC ACG CGA GAA AAC ACT CTT TTT TTA TAA AAA AAA AAT ATC TCT CTG TGT GTG TGT GTG TGG GGC GCT CTG TGT GTC TCA CAC ACT CTC TCG CGG GGC GCT CTG TGC GCA CAT ATG TGC GCT CTT TTA TAG AGT GTG TGC GCA	0
AGA GAT ATC TCT CTG TGT GTT TTC TCT CTC TCT CTA TAA AAA AAC ACG CGA GAA AAC ACT CTT TTT TTA TAA AAA AAA AAT ATC TCT CTG TGT GTG TGT GTG TGG GGC GCT CTG TGT GTC TCA CAC ACT CTC TCG CGG GGC GCT CTG TGC GCA CAT ATG TGC GCT CTT TTA TAG AGT GTG TGC GCA CAC ACT CTC TCA CAC ACG CGC GCA CAG AGT GTA TAT ATA TAA AAT ATT TTA TAA AAT ATA TAA AAC ACT CTA TAA AAT ATT TTA TAC ACT CTG TGT GTC TCG CGT GTT TTG TGA	0
TCG CGA GAT ATC TCT CTC TCT CTT TTG TGT GTA TAG AGA GAT ATC TCT CTG TGT GTT TTC TCT CTC TCT CTA TAA AAA AAC ACG CGA GAA AAC ACT CTT TTT TTA TAA AAA AAA AAT ATC TCT CTG TGT GTG TGT GTG TGG GGC GCT CTG TGT GTC TCA CAC ACT CTC TCG CGG GGC GCT CTG TGC GCA CAT ATG TGC GCT CTT TTA TAG AGT GTG TGC GCA CAC ACT CTC TCA CAC ACG CGC GCA CAG AGT GTA TAT ATA TAA AAT ATT TTA TAA AAT ATA TAA AAC ACT CTA TAA AAT	0
AGA GAT ATC TCT CTG TGT GTT TTC TCT CTC TCT CTA TAA AAA AAC ACG CGA GAA AAC ACT CTT TTT TTA TAA AAA AAA AAT ATC TCT CTG TGT GTG TGT GTG TGG GGC GCT CTG TGT GTC TCA CAC ACT CTC TCG CGG GGC GCT CTG TGC GCA CAT ATG TGC GCT CTT TTA TAG AGT GTG TGC GCA CAC ACT CTC TCA CAC ACG CGC GCA CAG AGT GTA TAT ATA TAA AAT ATT TTA TAA AAT ATA TAA AAC ACT CTA TAA AAT ATT TTA TAC ACT CTG TGT GTC TCG CGT GTT TTG TGA	0
CTT TTT TTC TCG CGA GAT ATC TCT CTC TCT CTT TTG TGT GTA TAG AGA GAT ATC TCT CTG TGT GTT TTC TCT CTC TCT CTA TAA AAA AAC ACG CGA GAA AAC ACT CTT TTT TTA TAA AAA AAA AAT ATC TCT CTG TGT GTG TGT GTG TGG GGC GCT CTG TGT GTC TCA CAC ACT CTC TCG CGG GGC GCT CTG TGC GCA CAT ATG TGC GCT CTT TTA TAG AGT GTG TGC GCA CAC ACT CTC TCA CAC ACG CGC GCA CAG AGT GTA TAT ATA TAA AAT ATT TTA TAA AAT ATA TAA AAC ACT	0
AAC ACT CTT TTT TTA TAA AAA AAA AAT ATC TCT CTG TGT GTG TGT GTG TGG GGC GCT CTG TGT GTC TCA CAC ACT CTC TCG CGG GGC GCT CTG TGC GCA CAT ATG TGC GCT CTT TTA TAG AGT GTG TGC GCA CAC ACT CTC TCA CAC ACG CGC GCA CAG AGT GTA TAT ATA TAA AAT ATT TTA TAA AAT ATA TAA AAC ACT CTA TAA AAT ATT TTA TAC ACT CTG TGT GTC TCG CGT GTT TTG TGA GAC ACA CAG AGG GGA GAC ACA CAC ACG CGA GAG AGT GTA TAA AAC ACT CTC TCT	0
TCG CGA GAT ATC TCT CTC TCT CTT TTG TGT GTA TAG AGA GAT ATC TCT CTG TGT GTT TTC TCT CTC TCT CTA TAA AAA AAC ACG CGA GAA AAC ACT CTT TTT TTA TAA AAA AAA AAT ATC TCT CTG TGT GTG TGT GTG TGG GGC GCT CTG TGT GTC TCA CAC ACT CTC TCG CGG GGC GCT CTG TGC GCA CAT ATG TGC GCT CTT TTA TAG AGT GTG TGC GCA CAC ACT CTC TCA CAC ACG CGC GCA CAG AGT GTA TAT ATA TAA AAT ATT TTA TAA AAT ATA TAA AAC ACT CTA TAA AAT	1
ACT CTT TTT TTC TCG CGA GAT ATC TCT CTC TCT CTT TTG TGT GTA TAG AGA GAT ATC TCT CTG TGT GTT TTC TCT CTC TCT CTA TAA AAA AAC ACG CGA GAA AAC ACT CTT TTT TTA TAA AAA AAA AAT ATC TCT CTG TGT GTG TGT GTG TGG GGC GCT CTG TGT GTC TCA CAC ACT CTC TCG CGG GGC GCT CTG TGC GCA CAT ATG TGC GCT CTT TTA TAG AGT GTG TGC GCA CAC ACT CTC TCA CAC ACG CGC GCA CAG AGT GTA TAT ATA TAA AAT ATT TTA TAA AAT ATA TAA AAC	1
ACT CTT TTT TTC TCG CGA GAT ATC TCT CTC TCT CTT TTG TGT GTA TAG AGA GAT ATC TCT CTG TGT GTT TTC TCT CTC TCT CTA TAA AAA AAC ACG CGA GAA AAC ACT CTT TTT TTA TAA AAA AAA AAT ATC TCT CTG TGT GTG TGT GTG TGG GGC GCT CTG TGT GTC TCA CAC ACT CTC TCG CGG GGC GCT CTG TGC GCA CAT ATG TGC GCT CTT TTA TAG AGT GTG TGC GCA CAC ACT CTC TCA CAC ACG CGC GCA CAG AGT GTA TAT ATA TAA AAT ATT TTA TAA AAT ATA TAA AAC	1
ACT CTT TTT TTC TCG CGA GAT ATC TCT CTC TCT CTT TTG TGT GTA TAG AGA GAT ATC TCT CTG TGT GTT TTC TCT CTC TCT CTA TAA AAA AAC ACG CGA GAA AAC ACT CTT TTT TTA TAA AAA AAA AAT ATC TCT CTG TGT GTG TGT GTG TGG GGC GCT CTG TGT GTC TCA CAC ACT CTC TCG CGG GGC GCT CTG TGC GCA CAT ATG TGC GCT CTT TTA TAG AGT GTG TGC GCA CAC ACT CTC TCA CAC ACG CGC GCA CAG AGT GTA TAT ATA TAA AAT ATT TTA TAA AAT ATA TAA AAC	1
CTT TTT TTC TCG CGA GAT ATC TCT CTC TCT CTT TTG TGT GTA TAG AGA GAT ATC TCT CTG TGT GTT TTC TCT CTC TCT CTA TAA AAA AAC ACG CGA GAA AAC ACT CTT TTT TTA TAA AAA AAA AAT ATC TCT CTG TGT GTG TGT GTG TGG GGC GCT CTG TGT GTC TCA CAC ACT CTC TCG CGG GGC GCT CTG TGC GCA CAT ATG TGC GCT CTT TTA TAG AGT GTG TGC GCA CAC ACT CTC TCA CAC ACG CGC GCA CAG AGT GTA TAT ATA TAA AAT ATT TTA TAA AAT ATA TAA AAC ACT	1
AGA GAT ATC TCT CTG TGT GTT TTC TCT CTC TCT CTA TAA AAA AAC ACG CGA GAA AAC ACT CTT TTT TTA TAA AAA AAA AAT ATC TCT CTG TGT GTG TGT GTG TGG GGC GCT CTG TGT GTC TCA CAC ACT CTC TCG CGG GGC GCT CTG TGC GCA CAT ATG TGC GCT CTT TTA TAG AGT GTG TGC GCA CAC ACT CTC TCA CAC ACG CGC GCA CAG AGT GTA TAT ATA TAA AAT ATT TTA TAA AAT ATA TAA AAC ACT CTA TAA AAT ATT TTA TAC ACT CTG TGT GTC TCG CGT GTT TTG TGA	1
ACC CCA CAA AAC ACC CCA CAA AAC ACT CTT TTT TTC TCG CGA GAT ATC TCT CTC TCT CTT TTG TGT GTA TAG AGA GAT ATC TCT CTG TGT GTT TTC TCT CTC TCT CTA TAA AAA AAC ACG CGA GAA AAC ACT CTT TTT TTA TAA AAA AAA AAT ATC TCT CTG TGT GTG TGT GTG TGG GGC GCT CTG TGT GTC TCA CAC ACT CTC TCG CGG GGC GCT CTG TGC GCA CAT ATG TGC GCT CTT TTA TAG AGT GTG TGC GCA CAC ACT CTC TCA CAC ACG CGC GCA CAG AGT GTA TAT ATA TAA	1
ACC CCA CAA AAC ACC CCA CAA AAC ACT CTT TTT TTC TCG CGA GAT ATC TCT CTC TCT CTT TTG TGT GTA TAG AGA GAT ATC TCT CTG TGT GTT TTC TCT CTC TCT CTA TAA AAA AAC ACG CGA GAA AAC ACT CTT TTT TTA TAA AAA AAA AAT ATC TCT CTG TGT GTG TGT GTG TGG GGC GCT CTG TGT GTC TCA CAC ACT CTC TCG CGG GGC GCT CTG TGC GCA CAT ATG TGC GCT CTT TTA TAG AGT GTG TGC GCA CAC ACT CTC TCA CAC ACG CGC GCA CAG AGT GTA TAT ATA TAA	1
ACC CCA CAA AAC ACC CCA CAA AAC ACT CTT TTT TTC TCG CGA GAT ATC TCT CTC TCT CTT TTG TGT GTA TAG AGA GAT ATC TCT CTG TGT GTT TTC TCT CTC TCT CTA TAA AAA AAC ACG CGA GAA AAC ACT CTT TTT TTA TAA AAA AAA AAT ATC TCT CTG TGT GTG TGT GTG TGG GGC GCT CTG TGT GTC TCA CAC ACT CTC TCG CGG GGC GCT CTG TGC GCA CAT ATG TGC GCT CTT TTA TAG AGT GTG TGC GCA CAC ACT CTC TCA CAC ACG CGC GCA CAG AGT GTA TAT ATA TAA	1
ACC CCA CAA AAC ACC CCA CAA AAC ACT CTT TTT TTC TCG CGA GAT ATC TCT CTC TCT CTT TTG TGT GTA TAG AGA GAT ATC TCT CTG TGT GTT TTC TCT CTC TCT CTA TAA AAA AAC ACG CGA GAA AAC ACT CTT TTT TTA TAA AAA AAA AAT ATC TCT CTG TGT GTG TGT GTG TGG GGC GCT CTG TGT GTC TCA CAC ACT CTC TCG CGG GGC GCT CTG TGC GCA CAT ATG TGC GCT CTT TTA TAG AGT GTG TGC GCA CAC ACT CTC TCA CAC ACG CGC GCA CAG AGT GTA TAT ATA TAA	1
ACC CCA CAA AAC ACC CCA CAA AAC ACT CTT TTT TTC TCG CGA GAT ATC TCT CTC TCT CTT TTG TGT GTA TAG AGA GAT ATC TCT CTG TGT GTT TTC TCT CTC TCT CTA TAA AAA AAC ACG CGA GAA AAC ACT CTT TTT TTA TAA AAA AAA AAT ATC TCT CTG TGT GTG TGT GTG TGG GGC GCT CTG TGT GTC TCA CAC ACT CTC TCG CGG GGC GCT CTG TGC GCA CAT ATG TGC GCT CTT TTA TAG AGT GTG TGC GCA CAC ACT CTC TCA CAC ACG CGC GCA CAG AGT GTA TAT ATA TAA	1
ACC CCA CAA AAC ACC CCA CAA AAC ACT CTT TTT TTC TCG CGA GAT ATC TCT CTC TCT CTT TTG TGT GTA TAG AGA GAT ATC TCT CTG TGT GTT TTC TCT CTC TCT CTA TAA AAA AAC ACG CGA GAA AAC ACT CTT TTT TTA TAA AAA AAA AAT ATC TCT CTG TGT GTG TGT GTG TGG GGC GCT CTG TGT GTC TCA CAC ACT CTC TCG CGG GGC GCT CTG TGC GCA CAT ATG TGC GCT CTT TTA TAG AGT GTG TGC GCA CAC ACT CTC TCA CAC ACG CGC GCA CAG AGT GTA TAT ATA TAA	1
ACC CCA CAA AAC ACC CCA CAA AAC ACT CTT TTT TTC TCG CGA GAT ATC TCT CTC TCT CTT TTG TGT GTA TAG AGA GAT ATC TCT CTG TGT GTT TTC TCT CTC TCT CTA TAA AAA AAC ACG CGA GAA AAC ACT CTT TTT TTA TAA AAA AAA AAT ATC TCT CTG TGT GTG TGT GTG TGG GGC GCT CTG TGT GTC TCA CAC ACT CTC TCG CGG GGC GCT CTG TGC GCA CAT ATG TGC GCT CTT TTA TAG AGT GTG TGC GCA CAC ACT CTC TCA CAC ACG CGC GCA CAG AGT GTA TAT ATA TAA	1
ACC CCA CAA AAC ACC CCA CAA AAC ACT CTT TTT TTC TCG CGA GAT ATC TCT CTC TCT CTT TTG TGT GTA TAG AGA GAT ATC TCT CTG TGT GTT TTC TCT CTC TCT CTA TAA AAA AAC ACG CGA GAA AAC ACT CTT TTT TTA TAA AAA AAA AAT ATC TCT CTG TGT GTG TGT GTG TGG GGC GCT CTG TGT GTC TCA CAC ACT CTC TCG CGG GGC GCT CTG TGC GCA CAT ATG TGC GCT CTT TTA TAG AGT GTG TGC GCA CAC ACT CTC TCA CAC ACG CGC GCA CAG AGT GTA TAT ATA TAA	1
ACC CCA CAA AAC ACC CCA CAA AAC ACT CTT TTT TTC TCG CGA GAT ATC TCT CTC TCT CTT TTG TGT GTA TAG AGA GAT ATC TCT CTG TGT GTT TTC TCT CTC TCT CTA TAA AAA AAC ACG CGA GAA AAC ACT CTT TTT TTA TAA AAA AAA AAT ATC TCT CTG TGT GTG TGT GTG TGG GGC GCT CTG TGT GTC TCA CAC ACT CTC TCG CGG GGC GCT CTG TGC GCA CAT ATG TGC GCT CTT TTA TAG AGT GTG TGC GCA CAC ACT CTC TCA CAC ACG CGC GCA CAG AGT GTA TAT ATA TAA	1
ACC CCA CAA AAC ACC CCA CAA AAC ACT CTT TTT TTC TCG CGA GAT ATC TCT CTC TCT CTT TTG TGT GTA TAG AGA GAT ATC TCT CTG TGT GTT TTC TCT CTC TCT CTA TAA AAA AAC ACG CGA GAA AAC ACT CTT TTT TTA TAA AAA AAA AAT ATC TCT CTG TGT GTG TGT GTG TGG GGC GCT CTG TGT GTC TCA CAC ACT CTC TCG CGG GGC GCT CTG TGC GCA CAT ATG TGC GCT CTT TTA TAG AGT GTG TGC GCA CAC ACT CTC TCA CAC ACG CGC GCA CAG AGT GTA TAT ATA TAA	1
ACC CCA CAA AAC ACC CCA CAA AAC ACT CTT TTT TTC TCG CGA GAT ATC TCT CTC TCT CTT TTG TGT GTA TAG AGA GAT ATC TCT CTG TGT GTT TTC TCT CTC TCT CTA TAA AAA AAC ACG CGA GAA AAC ACT CTT TTT TTA TAA AAA AAA AAT ATC TCT CTG TGT GTG TGT GTG TGG GGC GCT CTG TGT GTC TCA CAC ACT CTC TCG CGG GGC GCT CTG TGC GCA CAT ATG TGC GCT CTT TTA TAG AGT GTG TGC GCA CAC ACT CTC TCA CAC ACG CGC GCA CAG AGT GTA TAT ATA TAA	1
ACC CCA CAA AAC ACC CCA CAA AAC ACT CTT TTT TTC TCG CGA GAT ATC TCT CTC TCT CTT TTG TGT GTA TAG AGA GAT ATC TCT CTG TGT GTT TTC TCT CTC TCT CTA TAA AAA AAC ACG CGA GAA AAC ACT CTT TTT TTA TAA AAA AAA AAT ATC TCT CTG TGT GTG TGT GTG TGG GGC GCT CTG TGT GTC TCA CAC ACT CTC TCG CGG GGC GCT CTG TGC GCA CAT ATG TGC GCT CTT TTA TAG AGT GTG TGC GCA CAC ACT CTC TCA CAC ACG CGC GCA CAG AGT GTA TAT ATA TAA	1
ACC CCA CAA AAC ACC CCA CAA AAC ACT CTT TTT TTC TCG CGA GAT ATC TCT CTC TCT CTT TTG TGT GTA TAG AGA GAT ATC TCT CTG TGT GTT TTC TCT CTC TCT CTA TAA AAA AAC ACG CGA GAA AAC ACT CTT TTT TTA TAA AAA AAA AAT ATC TCT CTG TGT GTG TGT GTG TGG GGC GCT CTG TGT GTC TCA CAC ACT CTC TCG CGG GGC GCT CTG TGC GCA CAT ATG TGC GCT CTT TTA TAG AGT GTG TGC GCA CAC ACT CTC TCA CAC ACG CGC GCA CAG AGT GTA TAT ATA TAA	1
CCA CAA AAC ACT CTT TTT TTC TCG CGA GAT ATC TCT CTC TCT CTT TTG TGT GTA TAG AGA GAT ATC TCT CTG TGT GTT TTC TCT CTC TCT CTA TAA AAA AAC ACG CGA GAA AAC ACT CTT TTT TTA TAA AAA AAA AAT ATC TCT CTG TGT GTG TGT GTG TGG GGC GCT CTG TGT GTC TCA CAC ACT CTC TCG CGG GGC GCT CTG TGC GCA CAT ATG TGC GCT CTT TTA TAG AGT GTG TGC GCA CAC ACT CTC TCA CAC ACG CGC GCA CAG AGT GTA TAT ATA TAA AAT ATT TTA TAA AAT	1
TCG CGA GAT ATC TCT CTC TCT CTT TTG TGT GTA TAG AGA GAT ATC TCT CTG TGT GTT TTC TCT CTC TCT CTA TAA AAA AAC ACG CGA GAA AAC ACT CTT TTT TTA TAA AAA AAA AAT ATC TCT CTG TGT GTG TGT GTG TGG GGC GCT CTG TGT GTC TCA CAC ACT CTC TCG CGG GGC GCT CTG TGC GCA CAT ATG TGC GCT CTT TTA TAG AGT GTG TGC GCA CAC ACT CTC TCA CAC ACG CGC GCA CAG AGT GTA TAT ATA TAA AAT ATT TTA TAA AAT ATA TAA AAC ACT CTA TAA AAT	1
TCG CGA GAT ATC TCT CTC TCT CTT TTG TGT GTA TAG AGA GAT ATC TCT CTG TGT GTT TTC TCT CTC TCT CTA TAA AAA AAC ACG CGA GAA AAC ACT CTT TTT TTA TAA AAA AAA AAT ATC TCT CTG TGT GTG TGT GTG TGG GGC GCT CTG TGT GTC TCA CAC ACT CTC TCG CGG GGC GCT CTG TGC GCA CAT ATG TGC GCT CTT TTA TAG AGT GTG TGC GCA CAC ACT CTC TCA CAC ACG CGC GCA CAG AGT GTA TAT ATA TAA AAT ATT TTA TAA AAT ATA TAA AAC ACT CTA TAA AAT	1
AGG GGT GTT TTT TTA TAT ATA TAC ACC CCT CTT TTC TCC CCC CCA CAG AGG GGT GTA TAA AAC ACA CAA AAA AAC ACC CCA CAA AAC ACC CCA CAA AAC ACT CTT TTT TTC TCG CGA GAT ATC TCT CTC TCT CTT TTG TGT GTA TAG AGA GAT ATC TCT CTG TGT GTT TTC TCT CTC TCT CTA TAA AAA AAC ACG CGA GAA AAC ACT CTT TTT TTA TAA AAA AAA AAT ATC TCT CTG TGT GTG TGT GTG TGG GGC GCT CTG TGT GTC TCA CAC ACT CTC TCG CGG GGC GCT CTG TGC GCA	1
CTT TTT TTA TAA AAG AGG GGT GTT TTT TTA TAT ATA TAC ACC CCT CTT TTC TCC CCC CCA CAG AGG GGT GTA TAA AAC ACA CAA AAA AAC ACC CCA CAA AAC ACC CCA CAA AAC ACT CTT TTT TTC TCG CGA GAT ATC TCT CTC TCT CTT TTG TGT GTA TAG AGA GAT ATC TCT CTG TGT GTT TTC TCT CTC TCT CTA TAA AAA AAC ACG CGA GAA AAC ACT CTT TTT TTA TAA AAA AAA AAT ATC TCT CTG TGT GTG TGT GTG TGG GGC GCT CTG TGT GTC TCA CAC ACT CTC TCG CGG	1
ACA CAA AAA AAC ACC CCA CAA AAC ACC CCA CAA AAC ACT CTT TTT TTC TCG CGA GAT ATC TCT CTC TCT CTT TTG TGT GTA TAG AGA GAT ATC TCT CTG TGT GTT TTC TCT CTC TCT CTA TAA AAA AAC ACG CGA GAA AAC ACT CTT TTT TTA TAA AAA AAA AAT ATC TCT CTG TGT GTG TGT GTG TGG GGC GCT CTG TGT GTC TCA CAC ACT CTC TCG CGG GGC GCT CTG TGC GCA CAT ATG TGC GCT CTT TTA TAG AGT GTG TGC GCA CAC ACT CTC TCA CAC ACG CGC GCA CAG AGT	1
ACA CAA AAA AAC ACC CCA CAA AAC ACC CCA CAA AAC ACT CTT TTT TTC TCG CGA GAT ATC TCT CTC TCT CTT TTG TGT GTA TAG AGA GAT ATC TCT CTG TGT GTT TTC TCT CTC TCT CTA TAA AAA AAC ACG CGA GAA AAC ACT CTT TTT TTA TAA AAA AAA AAT ATC TCT CTG TGT GTG TGT GTG TGG GGC GCT CTG TGT GTC TCA CAC ACT CTC TCG CGG GGC GCT CTG TGC GCA CAT ATG TGC GCT CTT TTA TAG AGT GTG TGC GCA CAC ACT CTC TCA CAC ACG CGC GCA CAG AGT	1
ACA CAA AAA AAC ACC CCA CAA AAC ACC CCA CAA AAC ACT CTT TTT TTC TCG CGA GAT ATC TCT CTC TCT CTT TTG TGT GTA TAG AGA GAT ATC TCT CTG TGT GTT TTC TCT CTC TCT CTA TAA AAA AAC ACG CGA GAA AAC ACT CTT TTT TTA TAA AAA AAA AAT ATC TCT CTG TGT GTG TGT GTG TGG GGC GCT CTG TGT GTC TCA CAC ACT CTC TCG CGG GGC GCT CTG TGC GCA CAT ATG TGC GCT CTT TTA TAG AGT GTG TGC GCA CAC ACT CTC TCA CAC ACG CGC GCA CAG AGT	1
CAA AAA AAC ACC CCA CAA AAC ACC CCA CAA AAC ACT CTT TTT TTC TCG CGA GAT ATC TCT CTC TCT CTT TTG TGT GTA TAG AGA GAT ATC TCT CTG TGT GTT TTC TCT CTC TCT CTA TAA AAA AAC ACG CGA GAA AAC ACT CTT TTT TTA TAA AAA AAA AAT ATC TCT CTG TGT GTG TGT GTG TGG GGC GCT CTG TGT GTC TCA CAC ACT CTC TCG CGG GGC GCT CTG TGC GCA CAT ATG TGC GCT CTT TTA TAG AGT GTG TGC GCA CAC ACT CTC TCA CAC ACG CGC GCA CAG AGT GTA	1
CAA AAA AAC ACC CCA CAA AAC ACC CCA CAA AAC ACT CTT TTT TTC TCG CGA GAT ATC TCT CTC TCT CTT TTG TGT GTA TAG AGA GAT ATC TCT CTG TGT GTT TTC TCT CTC TCT CTA TAA AAA AAC ACG CGA GAA AAC ACT CTT TTT TTA TAA AAA AAA AAT ATC TCT CTG TGT GTG TGT GTG TGG GGC GCT CTG TGT GTC TCA CAC ACT CTC TCG CGG GGC GCT CTG TGC GCA CAT ATG TGC GCT CTT TTA TAG AGT GTG TGC GCA CAC ACT CTC TCA CAC ACG CGC GCA CAG AGT GTA	1
ACA CAA AAA AAC ACC CCA CAA AAC ACC CCA CAA AAC ACT CTT TTT TTC TCG CGA GAT ATC TCT CTC TCT CTT TTG TGT GTA TAG AGA GAT ATC TCT CTG TGT GTT TTC TCT CTC TCT CTA TAA AAA AAC ACG CGA GAA AAC ACT CTT TTT TTA TAA AAA AAA AAT ATC TCT CTG TGT GTG TGT GTG TGG GGC GCT CTG TGT GTC TCA CAC ACT CTC TCG CGG GGC GCT CTG TGC GCA CAT ATG TGC GCT CTT TTA TAG AGT GTG TGC GCA CAC ACT CTC TCA CAC ACG CGC GCA CAG AGT	1
ACA CAA AAA AAC ACC CCA CAA AAC ACC CCA CAA AAC ACT CTT TTT TTC TCG CGA GAT ATC TCT CTC TCT CTT TTG TGT GTA TAG AGA GAT ATC TCT CTG TGT GTT TTC TCT CTC TCT CTA TAA AAA AAC ACG CGA GAA AAC ACT CTT TTT TTA TAA AAA AAA AAT ATC TCT CTG TGT GTG TGT GTG TGG GGC GCT CTG TGT GTC TCA CAC ACT CTC TCG CGG GGC GCT CTG TGC GCA CAT ATG TGC GCT CTT TTA TAG AGT GTG TGC GCA CAC ACT CTC TCA CAC ACG CGC GCA CAG AGT	1
CAA AAA AAC ACC CCA CAA AAC ACC CCA CAA AAC ACT CTT TTT TTC TCG CGA GAT ATC TCT CTC TCT CTT TTG TGT GTA TAG AGA GAT ATC TCT CTG TGT GTT TTC TCT CTC TCT CTA TAA AAA AAC ACG CGA GAA AAC ACT CTT TTT TTA TAA AAA AAA AAT ATC TCT CTG TGT GTG TGT GTG TGG GGC GCT CTG TGT GTC TCA CAC ACT CTC TCG CGG GGC GCT CTG TGC GCA CAT ATG TGC GCT CTT TTA TAG AGT GTG TGC GCA CAC ACT CTC TCA CAC ACG CGC GCA CAG AGT GTA	1
ACA CAA AAA AAC ACC CCA CAA AAC ACC CCA CAA AAC ACT CTT TTT TTC TCG CGA GAT ATC TCT CTC TCT CTT TTG TGT GTA TAG AGA GAT ATC TCT CTG TGT GTT TTC TCT CTC TCT CTA TAA AAA AAC ACG CGA GAA AAC ACT CTT TTT TTA TAA AAA AAA AAT ATC TCT CTG TGT GTG TGT GTG TGG GGC GCT CTG TGT GTC TCA CAC ACT CTC TCG CGG GGC GCT CTG TGC GCA CAT ATG TGC GCT CTT TTA TAG AGT GTG TGC GCA CAC ACT CTC TCA CAC ACG CGC GCA CAG AGT	1
CAA AAA AAC ACC CCA CAA AAC ACC CCA CAA AAC ACT CTT TTT TTC TCG CGA GAT ATC TCT CTC TCT CTT TTG TGT GTA TAG AGA GAT ATC TCT CTG TGT GTT TTC TCT CTC TCT CTA TAA AAA AAC ACG CGA GAA AAC ACT CTT TTT TTA TAA AAA AAA AAT ATC TCT CTG TGT GTG TGT GTG TGG GGC GCT CTG TGT GTC TCA CAC ACT CTC TCG CGG GGC GCT CTG TGC GCA CAT ATG TGC GCT CTT TTA TAG AGT GTG TGC GCA CAC ACT CTC TCA CAC ACG CGC GCA CAG AGT GTA	1
ACA CAA AAA AAC ACC CCA CAA AAC ACC CCA CAA AAC ACT CTT TTT TTC TCG CGA GAT ATC TCT CTC TCT CTT TTG TGT GTA TAG AGA GAT ATC TCT CTG TGT GTT TTC TCT CTC TCT CTA TAA AAA AAC ACG CGA GAA AAC ACT CTT TTT TTA TAA AAA AAA AAT ATC TCT CTG TGT GTG TGT GTG TGG GGC GCT CTG TGT GTC TCA CAC ACT CTC TCG CGG GGC GCT CTG TGC GCA CAT ATG TGC GCT CTT TTA TAG AGT GTG TGC GCA CAC ACT CTC TCA CAC ACG CGC GCA CAG AGT	1
ACA CAA AAA AAC ACC CCA CAA AAC ACC CCA CAA AAC ACT CTT TTT TTC TCG CGA GAT ATC TCT CTC TCT CTT TTG TGT GTA TAG AGA GAT ATC TCT CTG TGT GTT TTC TCT CTC TCT CTA TAA AAA AAC ACG CGA GAA AAC ACT CTT TTT TTA TAA AAA AAA AAT ATC TCT CTG TGT GTG TGT GTG TGG GGC GCT CTG TGT GTC TCA CAC ACT CTC TCG CGG GGC GCT CTG TGC GCA CAT ATG TGC GCT CTT TTA TAG AGT GTG TGC GCA CAC ACT CTC TCA CAC ACG CGC GCA CAG AGT	1
CAA AAA AAC ACC CCA CAA AAC ACC CCA CAA AAC ACT CTT TTT TTC TCG CGA GAT ATC TCT CTC TCT CTT TTG TGT GTA TAG AGA GAT ATC TCT CTG TGT GTT TTC TCT CTC TCT CTA TAA AAA AAC ACG CGA GAA AAC ACT CTT TTT TTA TAA AAA AAA AAT ATC TCT CTG TGT GTG TGT GTG TGG GGC GCT CTG TGT GTC TCA CAC ACT CTC TCG CGG GGC GCT CTG TGC GCA CAT ATG TGC GCT CTT TTA TAG AGT GTG TGC GCA CAC ACT CTC TCA CAC ACG CGC GCA CAG AGT GTA	1
ACA CAA AAA AAC ACC CCA CAA AAC ACC CCA CAA AAC ACT CTT TTT TTC TCG CGA GAT ATC TCT CTC TCT CTT TTG TGT GTA TAG AGA GAT ATC TCT CTG TGT GTT TTC TCT CTC TCT CTA TAA AAA AAC ACG CGA GAA AAC ACT CTT TTT TTA TAA AAA AAA AAT ATC TCT CTG TGT GTG TGT GTG TGG GGC GCT CTG TGT GTC TCA CAC ACT CTC TCG CGG GGC GCT CTG TGC GCA CAT ATG TGC GCT CTT TTA TAG AGT GTG TGC GCA CAC ACT CTC TCA CAC ACG CGC GCA CAG AGT	1
ACA CAA AAA AAC ACC CCA CAA AAC ACC CCA CAA AAC ACT CTT TTT TTC TCG CGA GAT ATC TCT CTC TCT CTT TTG TGT GTA TAG AGA GAT ATC TCT CTG TGT GTT TTC TCT CTC TCT CTA TAA AAA AAC ACG CGA GAA AAC ACT CTT TTT TTA TAA AAA AAA AAT ATC TCT CTG TGT GTG TGT GTG TGG GGC GCT CTG TGT GTC TCA CAC ACT CTC TCG CGG GGC GCT CTG TGC GCA CAT ATG TGC GCT CTT TTA TAG AGT GTG TGC GCA CAC ACT CTC TCA CAC ACG CGC GCA CAG AGT	1
CAA AAA AAC ACC CCA CAA AAC ACC CCA CAA AAC ACT CTT TTT TTC TCG CGA GAT ATC TCT CTC TCT CTT TTG TGT GTA TAG AGA GAT ATC TCT CTG TGT GTT TTC TCT CTC TCT CTA TAA AAA AAC ACG CGA GAA AAC ACT CTT TTT TTA TAA AAA AAA AAT ATC TCT CTG TGT GTG TGT GTG TGG GGC GCT CTG TGT GTC TCA CAC ACT CTC TCG CGG GGC GCT CTG TGC GCA CAT ATG TGC GCT CTT TTA TAG AGT GTG TGC GCA CAC ACT CTC TCA CAC ACG CGC GCA CAG AGT GTA	1
ACA CAA AAA AAC ACC CCA CAA AAC ACC CCA CAA AAC ACT CTT TTT TTC TCG CGA GAT ATC TCT CTC TCT CTT TTG TGT GTA TAG AGA GAT ATC TCT CTG TGT GTT TTC TCT CTC TCT CTA TAA AAA AAC ACG CGA GAA AAC ACT CTT TTT TTA TAA AAA AAA AAT ATC TCT CTG TGT GTG TGT GTG TGG GGC GCT CTG TGT GTC TCA CAC ACT CTC TCG CGG GGC GCT CTG TGC GCA CAT ATG TGC GCT CTT TTA TAG AGT GTG TGC GCA CAC ACT CTC TCA CAC ACG CGC GCA CAG AGT	1
ACA CAA AAA AAC ACC CCA CAA AAC ACC CCA CAA AAC ACT CTT TTT TTC TCG CGA GAT ATC TCT CTC TCT CTT TTG TGT GTA TAG AGA GAT ATC TCT CTG TGT GTT TTC TCT CTC TCT CTA TAA AAA AAC ACG CGA GAA AAC ACT CTT TTT TTA TAA AAA AAA AAT ATC TCT CTG TGT GTG TGT GTG TGG GGC GCT CTG TGT GTC TCA CAC ACT CTC TCG CGG GGC GCT CTG TGC GCA CAT ATG TGC GCT CTT TTA TAG AGT GTG TGC GCA CAC ACT CTC TCA CAC ACG CGC GCA CAG AGT	1
CAA AAA AAC ACC CCA CAA AAC ACC CCA CAA AAC ACT CTT TTT TTC TCG CGA GAT ATC TCT CTC TCT CTT TTG TGT GTA TAG AGA GAT ATC TCT CTG TGT GTT TTC TCT CTC TCT CTA TAA AAA AAC ACG CGA GAA AAC ACT CTT TTT TTA TAA AAA AAA AAT ATC TCT CTG TGT GTG TGT GTG TGG GGC GCT CTG TGT GTC TCA CAC ACT CTC TCG CGG GGC GCT CTG TGC GCA CAT ATG TGC GCT CTT TTA TAG AGT GTG TGC GCA CAC ACT CTC TCA CAC ACG CGC GCA CAG AGT GTA	1
CAA AAA AAC ACC CCA CAA AAC ACC CCA CAA AAC ACT CTT TTT TTC TCG CGA GAT ATC TCT CTC TCT CTT TTG TGT GTA TAG AGA GAT ATC TCT CTG TGT GTT TTC TCT CTC TCT CTA TAA AAA AAC ACG CGA GAA AAC ACT CTT TTT TTA TAA AAA AAA AAT ATC TCT CTG TGT GTG TGT GTG TGG GGC GCT CTG TGT GTC TCA CAC ACT CTC TCG CGG GGC GCT CTG TGC GCA CAT ATG TGC GCT CTT TTA TAG AGT GTG TGC GCA CAC ACT CTC TCA CAC ACG CGC GCA CAG AGT GTA	1
ACA CAA AAA AAC ACC CCA CAA AAC ACC CCA CAA AAC ACT CTT TTT TTC TCG CGA GAT ATC TCT CTC TCT CTT TTG TGT GTA TAG AGA GAT ATC TCT CTG TGT GTT TTC TCT CTC TCT CTA TAA AAA AAC ACG CGA GAA AAC ACT CTT TTT TTA TAA AAA AAA AAT ATC TCT CTG TGT GTG TGT GTG TGG GGC GCT CTG TGT GTC TCA CAC ACT CTC TCG CGG GGC GCT CTG TGC GCA CAT ATG TGC GCT CTT TTA TAG AGT GTG TGC GCA CAC ACT CTC TCA CAC ACG CGC GCA CAG AGT	1
CAA AAA AAC ACC CCA CAA AAC ACC CCA CAA AAC ACT CTT TTT TTC TCG CGA GAT ATC TCT CTC TCT CTT TTG TGT GTA TAG AGA GAT ATC TCT CTG TGT GTT TTC TCT CTC TCT CTA TAA AAA AAC ACG CGA GAA AAC ACT CTT TTT TTA TAA AAA AAA AAT ATC TCT CTG TGT GTG TGT GTG TGG GGC GCT CTG TGT GTC TCA CAC ACT CTC TCG CGG GGC GCT CTG TGC GCA CAT ATG TGC GCT CTT TTA TAG AGT GTG TGC GCA CAC ACT CTC TCA CAC ACG CGC GCA CAG AGT GTA	1
CAA AAA AAC ACC CCA CAA AAC ACC CCA CAA AAC ACT CTT TTT TTC TCG CGA GAT ATC TCT CTC TCT CTT TTG TGT GTA TAG AGA GAT ATC TCT CTG TGT GTT TTC TCT CTC TCT CTA TAA AAA AAC ACG CGA GAA AAC ACT CTT TTT TTA TAA AAA AAA AAT ATC TCT CTG TGT GTG TGT GTG TGG GGC GCT CTG TGT GTC TCA CAC ACT CTC TCG CGG GGC GCT CTG TGC GCA CAT ATG TGC GCT CTT TTA TAG AGT GTG TGC GCA CAC ACT CTC TCA CAC ACG CGC GCA CAG AGT GTA	1
ACA CAA AAA AAC ACC CCA CAA AAC ACC CCA CAA AAC ACT CTT TTT TTC TCG CGA GAT ATC TCT CTC TCT CTT TTG TGT GTA TAG AGA GAT ATC TCT CTG TGT GTT TTC TCT CTC TCT CTA TAA AAA AAC ACG CGA GAA AAC ACT CTT TTT TTA TAA AAA AAA AAT ATC TCT CTG TGT GTG TGT GTG TGG GGC GCT CTG TGT GTC TCA CAC ACT CTC TCG CGG GGC GCT CTG TGC GCA CAT ATG TGC GCT CTT TTA TAG AGT GTG TGC GCA CAC ACT CTC TCA CAC ACG CGC GCA CAG AGT	1
CAA AAA AAC ACC CCA CAA AAC ACC CCA CAA AAC ACT CTT TTT TTC TCG CGA GAT ATC TCT CTC TCT CTT TTG TGT GTA TAG AGA GAT ATC TCT CTG TGT GTT TTC TCT CTC TCT CTA TAA AAA AAC ACG CGA GAA AAC ACT CTT TTT TTA TAA AAA AAA AAT ATC TCT CTG TGT GTG TGT GTG TGG GGC GCT CTG TGT GTC TCA CAC ACT CTC TCG CGG GGC GCT CTG TGC GCA CAT ATG TGC GCT CTT TTA TAG AGT GTG TGC GCA CAC ACT CTC TCA CAC ACG CGC GCA CAG AGT GTA	1
CAA AAA AAC ACC CCA CAA AAC ACC CCA CAA AAC ACT CTT TTT TTC TCG CGA GAT ATC TCT CTC TCT CTT TTG TGT GTA TAG AGA GAT ATC TCT CTG TGT GTT TTC TCT CTC TCT CTA TAA AAA AAC ACG CGA GAA AAC ACT CTT TTT TTA TAA AAA AAA AAT ATC TCT CTG TGT GTG TGT GTG TGG GGC GCT CTG TGT GTC TCA CAC ACT CTC TCG CGG GGC GCT CTG TGC GCA CAT ATG TGC GCT CTT TTA TAG AGT GTG TGC GCA CAC ACT CTC TCA CAC ACG CGC GCA CAG AGT GTA	1
CAA AAA AAC ACC CCA CAA AAC ACC CCA CAA AAC ACT CTT TTT TTC TCG CGA GAT ATC TCT CTC TCT CTT TTG TGT GTA TAG AGA GAT ATC TCT CTG TGT GTT TTC TCT CTC TCT CTA TAA AAA AAC ACG CGA GAA AAC ACT CTT TTT TTA TAA AAA AAA AAT ATC TCT CTG TGT GTG TGT GTG TGG GGC GCT CTG TGT GTC TCA CAC ACT CTC TCG CGG GGC GCT CTG TGC GCA CAT ATG TGC GCT CTT TTA TAG AGT GTG TGC GCA CAC ACT CTC TCA CAC ACG CGC GCA CAG AGT GTA	1
ACA CAA AAA AAC ACC CCA CAA AAC ACC CCA CAA AAC ACT CTT TTT TTC TCG CGA GAT ATC TCT CTC TCT CTT TTG TGT GTA TAG AGA GAT ATC TCT CTG TGT GTT TTC TCT CTC TCT CTA TAA AAA AAC ACG CGA GAA AAC ACT CTT TTT TTA TAA AAA AAA AAT ATC TCT CTG TGT GTG TGT GTG TGG GGC GCT CTG TGT GTC TCA CAC ACT CTC TCG CGG GGC GCT CTG TGC GCA CAT ATG TGC GCT CTT TTA TAG AGT GTG TGC GCA CAC ACT CTC TCA CAC ACG CGC GCA CAG AGT	1
ACA CAA AAA AAC ACC CCA CAA AAC ACC CCA CAA AAC ACT CTT TTT TTC TCG CGA GAT ATC TCT CTC TCT CTT TTG TGT GTA TAG AGA GAT ATC TCT CTG TGT GTT TTC TCT CTC TCT CTA TAA AAA AAC ACG CGA GAA AAC ACT CTT TTT TTA TAA AAA AAA AAT ATC TCT CTG TGT GTG TGT GTG TGG GGC GCT CTG TGT GTC TCA CAC ACT CTC TCG CGG GGC GCT CTG TGC GCA CAT ATG TGC GCT CTT TTA TAG AGT GTG TGC GCA CAC ACT CTC TCA CAC ACG CGC GCA CAG AGT	1
ACA CAA AAA AAC ACC CCA CAA AAC ACC CCA CAA AAC ACT CTT TTT TTC TCG CGA GAT ATC TCT CTC TCT CTT TTG TGT GTA TAG AGA GAT ATC TCT CTG TGT GTT TTC TCT CTC TCT CTA TAA AAA AAC ACG CGA GAA AAC ACT CTT TTT TTA TAA AAA AAA AAT ATC TCT CTG TGT GTG TGT GTG TGG GGC GCT CTG TGT GTC TCA CAC ACT CTC TCG CGG GGC GCT CTG TGC GCA CAT ATG TGC GCT CTT TTA TAG AGT GTG TGC GCA CAC ACT CTC TCA CAC ACG CGC GCA CAG AGT	1
CAA AAA AAC ACC CCA CAA AAC ACC CCA CAA AAC ACT CTT TTT TTC TCG CGA GAT ATC TCT CTC TCT CTT TTG TGT GTA TAG AGA GAT ATC TCT CTG TGT GTT TTC TCT CTC TCT CTA TAA AAA AAC ACG CGA GAA AAC ACT CTT TTT TTA TAA AAA AAA AAT ATC TCT CTG TGT GTG TGT GTG TGG GGC GCT CTG TGT GTC TCA CAC ACT CTC TCG CGG GGC GCT CTG TGC GCA CAT ATG TGC GCT CTT TTA TAG AGT GTG TGC GCA CAC ACT CTC TCA CAC ACG CGC GCA CAG AGT GTA	1
ACA CAA AAA AAC ACC CCA CAA AAC ACC CCA CAA AAC ACT CTT TTT TTC TCG CGA GAT ATC TCT CTC TCT CTT TTG TGT GTA TAG AGA GAT ATC TCT CTG TGT GTT TTC TCT CTC TCT CTA TAA AAA AAC ACG CGA GAA AAC ACT CTT TTT TTA TAA AAA AAA AAT ATC TCT CTG TGT GTG TGT GTG TGG GGC GCT CTG TGT GTC TCA CAC ACT CTC TCG CGG GGC GCT CTG TGC GCA CAT ATG TGC GCT CTT TTA TAG AGT GTG TGC GCA CAC ACT CTC TCA CAC ACG CGC GCA CAG AGT	1
CAA AAA AAC ACC CCA CAA AAC ACC CCA CAA AAC ACT CTT TTT TTC TCG CGA GAT ATC TCT CTC TCT CTT TTG TGT GTA TAG AGA GAT ATC TCT CTG TGT GTT TTC TCT CTC TCT CTA TAA AAA AAC ACG CGA GAA AAC ACT CTT TTT TTA TAA AAA AAA AAT ATC TCT CTG TGT GTG TGT GTG TGG GGC GCT CTG TGT GTC TCA CAC ACT CTC TCG CGG GGC GCT CTG TGC GCA CAT ATG TGC GCT CTT TTA TAG AGT GTG TGC GCA CAC ACT CTC TCA CAC ACG CGC GCA CAG AGT GTA	1
ACA CAA AAA AAC ACC CCA CAA AAC ACC CCA CAA AAC ACT CTT TTT TTC TCG CGA GAT ATC TCT CTC TCT CTT TTG TGT GTA TAG AGA GAT ATC TCT CTG TGT GTT TTC TCT CTC TCT CTA TAA AAA AAC ACG CGA GAA AAC ACT CTT TTT TTA TAA AAA AAA AAT ATC TCT CTG TGT GTG TGT GTG TGG GGC GCT CTG TGT GTC TCA CAC ACT CTC TCG CGG GGC GCT CTG TGC GCA CAT ATG TGC GCT CTT TTA TAG AGT GTG TGC GCA CAC ACT CTC TCA CAC ACG CGC GCA CAG AGT	1
ACA CAA AAA AAC ACC CCA CAA AAC ACC CCA CAA AAC ACT CTT TTT TTC TCG CGA GAT ATC TCT CTC TCT CTT TTG TGT GTA TAG AGA GAT ATC TCT CTG TGT GTT TTC TCT CTC TCT CTA TAA AAA AAC ACG CGA GAA AAC ACT CTT TTT TTA TAA AAA AAA AAT ATC TCT CTG TGT GTG TGT GTG TGG GGC GCT CTG TGT GTC TCA CAC ACT CTC TCG CGG GGC GCT CTG TGC GCA CAT ATG TGC GCT CTT TTA TAG AGT GTG TGC GCA CAC ACT CTC TCA CAC ACG CGC GCA CAG AGT	1
CAA AAA AAC ACC CCA CAA AAC ACC CCA CAA AAC ACT CTT TTT TTC TCG CGA GAT ATC TCT CTC TCT CTT TTG TGT GTA TAG AGA GAT ATC TCT CTG TGT GTT TTC TCT CTC TCT CTA TAA AAA AAC ACG CGA GAA AAC ACT CTT TTT TTA TAA AAA AAA AAT ATC TCT CTG TGT GTG TGT GTG TGG GGC GCT CTG TGT GTC TCA CAC ACT CTC TCG CGG GGC GCT CTG TGC GCA CAT ATG TGC GCT CTT TTA TAG AGT GTG TGC GCA CAC ACT CTC TCA CAC ACG CGC GCA CAG AGT GTA	1
ACA CAA AAA AAC ACC CCA CAA AAC ACC CCA CAA AAC ACT CTT TTT TTC TCG CGA GAT ATC TCT CTC TCT CTT TTG TGT GTA TAG AGA GAT ATC TCT CTG TGT GTT TTC TCT CTC TCT CTA TAA AAA AAC ACG CGA GAA AAC ACT CTT TTT TTA TAA AAA AAA AAT ATC TCT CTG TGT GTG TGT GTG TGG GGC GCT CTG TGT GTC TCA CAC ACT CTC TCG CGG GGC GCT CTG TGC GCA CAT ATG TGC GCT CTT TTA TAG AGT GTG TGC GCA CAC ACT CTC TCA CAC ACG CGC GCA CAG AGT	1
CAA AAA AAC ACC CCA CAA AAC ACC CCA CAA AAC ACT CTT TTT TTC TCG CGA GAT ATC TCT CTC TCT CTT TTG TGT GTA TAG AGA GAT ATC TCT CTG TGT GTT TTC TCT CTC TCT CTA TAA AAA AAC ACG CGA GAA AAC ACT CTT TTT TTA TAA AAA AAA AAT ATC TCT CTG TGT GTG TGT GTG TGG GGC GCT CTG TGT GTC TCA CAC ACT CTC TCG CGG GGC GCT CTG TGC GCA CAT ATG TGC GCT CTT TTA TAG AGT GTG TGC GCA CAC ACT CTC TCA CAC ACG CGC GCA CAG AGT GTA	1
CAA AAA AAC ACC CCA CAA AAC ACC CCA CAA AAC ACT CTT TTT TTC TCG CGA GAT ATC TCT CTC TCT CTT TTG TGT GTA TAG AGA GAT ATC TCT CTG TGT GTT TTC TCT CTC TCT CTA TAA AAA AAC ACG CGA GAA AAC ACT CTT TTT TTA TAA AAA AAA AAT ATC TCT CTG TGT GTG TGT GTG TGG GGC GCT CTG TGT GTC TCA CAC ACT CTC TCG CGG GGC GCT CTG TGC GCA CAT ATG TGC GCT CTT TTA TAG AGT GTG TGC GCA CAC ACT CTC TCA CAC ACG CGC GCA CAG AGT GTA	1
CAA AAA AAC ACC CCA CAA AAC ACC CCA CAA AAC ACT CTT TTT TTC TCG CGA GAT ATC TCT CTC TCT CTT TTG TGT GTA TAG AGA GAT ATC TCT CTG TGT GTT TTC TCT CTC TCT CTA TAA AAA AAC ACG CGA GAA AAC ACT CTT TTT TTA TAA AAA AAA AAT ATC TCT CTG TGT GTG TGT GTG TGG GGC GCT CTG TGT GTC TCA CAC ACT CTC TCG CGG GGC GCT CTG TGC GCA CAT ATG TGC GCT CTT TTA TAG AGT GTG TGC GCA CAC ACT CTC TCA CAC ACG CGC GCA CAG AGT GTA	1
CAA AAA AAC ACC CCA CAA AAC ACC CCA CAA AAC ACT CTT TTT TTC TCG CGA GAT ATC TCT CTC TCT CTT TTG TGT GTA TAG AGA GAT ATC TCT CTG TGT GTT TTC TCT CTC TCT CTA TAA AAA AAC ACG CGA GAA AAC ACT CTT TTT TTA TAA AAA AAA AAT ATC TCT CTG TGT GTG TGT GTG TGG GGC GCT CTG TGT GTC TCA CAC ACT CTC TCG CGG GGC GCT CTG TGC GCA CAT ATG TGC GCT CTT TTA TAG AGT GTG TGC GCA CAC ACT CTC TCA CAC ACG CGC GCA CAG AGT GTA	1
ACA CAA AAA AAC ACC CCA CAA AAC ACC CCA CAA AAC ACT CTT TTT TTC TCG CGA GAT ATC TCT CTC TCT CTT TTG TGT GTA TAG AGA GAT ATC TCT CTG TGT GTT TTC TCT CTC TCT CTA TAA AAA AAC ACG CGA GAA AAC ACT CTT TTT TTA TAA AAA AAA AAT ATC TCT CTG TGT GTG TGT GTG TGG GGC GCT CTG TGT GTC TCA CAC ACT CTC TCG CGG GGC GCT CTG TGC GCA CAT ATG TGC GCT CTT TTA TAG AGT GTG TGC GCA CAC ACT CTC TCA CAC ACG CGC GCA CAG AGT	1
ACA CAA AAA AAC ACC CCA CAA AAC ACC CCA CAA AAC ACT CTT TTT TTC TCG CGA GAT ATC TCT CTC TCT CTT TTG TGT GTA TAG AGA GAT ATC TCT CTG TGT GTT TTC TCT CTC TCT CTA TAA AAA AAC ACG CGA GAA AAC ACT CTT TTT TTA TAA AAA AAA AAT ATC TCT CTG TGT GTG TGT GTG TGG GGC GCT CTG TGT GTC TCA CAC ACT CTC TCG CGG GGC GCT CTG TGC GCA CAT ATG TGC GCT CTT TTA TAG AGT GTG TGC GCA CAC ACT CTC TCA CAC ACG CGC GCA CAG AGT	1
ACA CAA AAA AAC ACC CCA CAA AAC ACC CCA CAA AAC ACT CTT TTT TTC TCG CGA GAT ATC TCT CTC TCT CTT TTG TGT GTA TAG AGA GAT ATC TCT CTG TGT GTT TTC TCT CTC TCT CTA TAA AAA AAC ACG CGA GAA AAC ACT CTT TTT TTA TAA AAA AAA AAT ATC TCT CTG TGT GTG TGT GTG TGG GGC GCT CTG TGT GTC TCA CAC ACT CTC TCG CGG GGC GCT CTG TGC GCA CAT ATG TGC GCT CTT TTA TAG AGT GTG TGC GCA CAC ACT CTC TCA CAC ACG CGC GCA CAG AGT	1
ACA CAA AAA AAC ACC CCA CAA AAC ACC CCA CAA AAC ACT CTT TTT TTC TCG CGA GAT ATC TCT CTC TCT CTT TTG TGT GTA TAG AGA GAT ATC TCT CTG TGT GTT TTC TCT CTC TCT CTA TAA AAA AAC ACG CGA GAA AAC ACT CTT TTT TTA TAA AAA AAA AAT ATC TCT CTG TGT GTG TGT GTG TGG GGC GCT CTG TGT GTC TCA CAC ACT CTC TCG CGG GGC GCT CTG TGC GCA CAT ATG TGC GCT CTT TTA TAG AGT GTG TGC GCA CAC ACT CTC TCA CAC ACG CGC GCA CAG AGT	1
CAA AAA AAC ACC CCA CAA AAC ACC CCA CAA AAC ACT CTT TTT TTC TCG CGA GAT ATC TCT CTC TCT CTT TTG TGT GTA TAG AGA GAT ATC TCT CTG TGT GTT TTC TCT CTC TCT CTA TAA AAA AAC ACG CGA GAA AAC ACT CTT TTT TTA TAA AAA AAA AAT ATC TCT CTG TGT GTG TGT GTG TGG GGC GCT CTG TGT GTC TCA CAC ACT CTC TCG CGG GGC GCT CTG TGC GCA CAT ATG TGC GCT CTT TTA TAG AGT GTG TGC GCA CAC ACT CTC TCA CAC ACG CGC GCA CAG AGT GTA	1
ACA CAA AAA AAC ACC CCA CAA AAC ACC CCA CAA AAC ACT CTT TTT TTC TCG CGA GAT ATC TCT CTC TCT CTT TTG TGT GTA TAG AGA GAT ATC TCT CTG TGT GTT TTC TCT CTC TCT CTA TAA AAA AAC ACG CGA GAA AAC ACT CTT TTT TTA TAA AAA AAA AAT ATC TCT CTG TGT GTG TGT GTG TGG GGC GCT CTG TGT GTC TCA CAC ACT CTC TCG CGG GGC GCT CTG TGC GCA CAT ATG TGC GCT CTT TTA TAG AGT GTG TGC GCA CAC ACT CTC TCA CAC ACG CGC GCA CAG AGT	1
ACA CAA AAA AAC ACC CCA CAA AAC ACC CCA CAA AAC ACT CTT TTT TTC TCG CGA GAT ATC TCT CTC TCT CTT TTG TGT GTA TAG AGA GAT ATC TCT CTG TGT GTT TTC TCT CTC TCT CTA TAA AAA AAC ACG CGA GAA AAC ACT CTT TTT TTA TAA AAA AAA AAT ATC TCT CTG TGT GTG TGT GTG TGG GGC GCT CTG TGT GTC TCA CAC ACT CTC TCG CGG GGC GCT CTG TGC GCA CAT ATG TGC GCT CTT TTA TAG AGT GTG TGC GCA CAC ACT CTC TCA CAC ACG CGC GCA CAG AGT	1
CAA AAA AAC ACC CCA CAA AAC ACC CCA CAA AAC ACT CTT TTT TTC TCG CGA GAT ATC TCT CTC TCT CTT TTG TGT GTA TAG AGA GAT ATC TCT CTG TGT GTT TTC TCT CTC TCT CTA TAA AAA AAC ACG CGA GAA AAC ACT CTT TTT TTA TAA AAA AAA AAT ATC TCT CTG TGT GTG TGT GTG TGG GGC GCT CTG TGT GTC TCA CAC ACT CTC TCG CGG GGC GCT CTG TGC GCA CAT ATG TGC GCT CTT TTA TAG AGT GTG TGC GCA CAC ACT CTC TCA CAC ACG CGC GCA CAG AGT GTA	1
CAA AAA AAC ACC CCA CAA AAC ACC CCA CAA AAC ACT CTT TTT TTC TCG CGA GAT ATC TCT CTC TCT CTT TTG TGT GTA TAG AGA GAT ATC TCT CTG TGT GTT TTC TCT CTC TCT CTA TAA AAA AAC ACG CGA GAA AAC ACT CTT TTT TTA TAA AAA AAA AAT ATC TCT CTG TGT GTG TGT GTG TGG GGC GCT CTG TGT GTC TCA CAC ACT CTC TCG CGG GGC GCT CTG TGC GCA CAT ATG TGC GCT CTT TTA TAG AGT GTG TGC GCA CAC ACT CTC TCA CAC ACG CGC GCA CAG AGT GTA	1
CAA AAA AAC ACC CCA CAA AAC ACC CCA CAA AAC ACT CTT TTT TTC TCG CGA GAT ATC TCT CTC TCT CTT TTG TGT GTA TAG AGA GAT ATC TCT CTG TGT GTT TTC TCT CTC TCT CTA TAA AAA AAC ACG CGA GAA AAC ACT CTT TTT TTA TAA AAA AAA AAT ATC TCT CTG TGT GTG TGT GTG TGG GGC GCT CTG TGT GTC TCA CAC ACT CTC TCG CGG GGC GCT CTG TGC GCA CAT ATG TGC GCT CTT TTA TAG AGT GTG TGC GCA CAC ACT CTC TCA CAC ACG CGC GCA CAG AGT GTA	1
ACA CAA AAA AAC ACC CCA CAA AAC ACC CCA CAA AAC ACT CTT TTT TTC TCG CGA GAT ATC TCT CTC TCT CTT TTG TGT GTA TAG AGA GAT ATC TCT CTG TGT GTT TTC TCT CTC TCT CTA TAA AAA AAC ACG CGA GAA AAC ACT CTT TTT TTA TAA AAA AAA AAT ATC TCT CTG TGT GTG TGT GTG TGG GGC GCT CTG TGT GTC TCA CAC ACT CTC TCG CGG GGC GCT CTG TGC GCA CAT ATG TGC GCT CTT TTA TAG AGT GTG TGC GCA CAC ACT CTC TCA CAC ACG CGC GCA CAG AGT	1
ACA CAA AAA AAC ACC CCA CAA AAC ACC CCA CAA AAC ACT CTT TTT TTC TCG CGA GAT ATC TCT CTC TCT CTT TTG TGT GTA TAG AGA GAT ATC TCT CTG TGT GTT TTC TCT CTC TCT CTA TAA AAA AAC ACG CGA GAA AAC ACT CTT TTT TTA TAA AAA AAA AAT ATC TCT CTG TGT GTG TGT GTG TGG GGC GCT CTG TGT GTC TCA CAC ACT CTC TCG CGG GGC GCT CTG TGC GCA CAT ATG TGC GCT CTT TTA TAG AGT GTG TGC GCA CAC ACT CTC TCA CAC ACG CGC GCA CAG AGT	1
CAA AAA AAC ACC CCA CAA AAC ACC CCA CAA AAC ACT CTT TTT TTC TCG CGA GAT ATC TCT CTC TCT CTT TTG TGT GTA TAG AGA GAT ATC TCT CTG TGT GTT TTC TCT CTC TCT CTA TAA AAA AAC ACG CGA GAA AAC ACT CTT TTT TTA TAA AAA AAA AAT ATC TCT CTG TGT GTG TGT GTG TGG GGC GCT CTG TGT GTC TCA CAC ACT CTC TCG CGG GGC GCT CTG TGC GCA CAT ATG TGC GCT CTT TTA TAG AGT GTG TGC GCA CAC ACT CTC TCA CAC ACG CGC GCA CAG AGT GTA	1
ACA CAA AAA AAC ACC CCA CAA AAC ACC CCA CAA AAC ACT CTT TTT TTC TCG CGA GAT ATC TCT CTC TCT CTT TTG TGT GTA TAG AGA GAT ATC TCT CTG TGT GTT TTC TCT CTC TCT CTA TAA AAA AAC ACG CGA GAA AAC ACT CTT TTT TTA TAA AAA AAA AAT ATC TCT CTG TGT GTG TGT GTG TGG GGC GCT CTG TGT GTC TCA CAC ACT CTC TCG CGG GGC GCT CTG TGC GCA CAT ATG TGC GCT CTT TTA TAG AGT GTG TGC GCA CAC ACT CTC TCA CAC ACG CGC GCA CAG AGT	1
CAA AAA AAC ACC CCA CAA AAC ACC CCA CAA AAC ACT CTT TTT TTC TCG CGA GAT ATC TCT CTC TCT CTT TTG TGT GTA TAG AGA GAT ATC TCT CTG TGT GTT TTC TCT CTC TCT CTA TAA AAA AAC ACG CGA GAA AAC ACT CTT TTT TTA TAA AAA AAA AAT ATC TCT CTG TGT GTG TGT GTG TGG GGC GCT CTG TGT GTC TCA CAC ACT CTC TCG CGG GGC GCT CTG TGC GCA CAT ATG TGC GCT CTT TTA TAG AGT GTG TGC GCA CAC ACT CTC TCA CAC ACG CGC GCA CAG AGT GTA	1
CAA AAA AAC ACC CCA CAA AAC ACC CCA CAA AAC ACT CTT TTT TTC TCG CGA GAT ATC TCT CTC TCT CTT TTG TGT GTA TAG AGA GAT ATC TCT CTG TGT GTT TTC TCT CTC TCT CTA TAA AAA AAC ACG CGA GAA AAC ACT CTT TTT TTA TAA AAA AAA AAT ATC TCT CTG TGT GTG TGT GTG TGG GGC GCT CTG TGT GTC TCA CAC ACT CTC TCG CGG GGC GCT CTG TGC GCA CAT ATG TGC GCT CTT TTA TAG AGT GTG TGC GCA CAC ACT CTC TCA CAC ACG CGC GCA CAG AGT GTA	1
CAA AAA AAC ACC CCA CAA AAC ACC CCA CAA AAC ACT CTT TTT TTC TCG CGA GAT ATC TCT CTC TCT CTT TTG TGT GTA TAG AGA GAT ATC TCT CTG TGT GTT TTC TCT CTC TCT CTA TAA AAA AAC ACG CGA GAA AAC ACT CTT TTT TTA TAA AAA AAA AAT ATC TCT CTG TGT GTG TGT GTG TGG GGC GCT CTG TGT GTC TCA CAC ACT CTC TCG CGG GGC GCT CTG TGC GCA CAT ATG TGC GCT CTT TTA TAG AGT GTG TGC GCA CAC ACT CTC TCA CAC ACG CGC GCA CAG AGT GTA	1
CAA AAA AAC ACC CCA CAA AAC ACC CCA CAA AAC ACT CTT TTT TTC TCG CGA GAT ATC TCT CTC TCT CTT TTG TGT GTA TAG AGA GAT ATC TCT CTG TGT GTT TTC TCT CTC TCT CTA TAA AAA AAC ACG CGA GAA AAC ACT CTT TTT TTA TAA AAA AAA AAT ATC TCT CTG TGT GTG TGT GTG TGG GGC GCT CTG TGT GTC TCA CAC ACT CTC TCG CGG GGC GCT CTG TGC GCA CAT ATG TGC GCT CTT TTA TAG AGT GTG TGC GCA CAC ACT CTC TCA CAC ACG CGC GCA CAG AGT GTA	1
ACA CAA AAA AAC ACC CCA CAA AAC ACC CCA CAA AAC ACT CTT TTT TTC TCG CGA GAT ATC TCT CTC TCT CTT TTG TGT GTA TAG AGA GAT ATC TCT CTG TGT GTT TTC TCT CTC TCT CTA TAA AAA AAC ACG CGA GAA AAC ACT CTT TTT TTA TAA AAA AAA AAT ATC TCT CTG TGT GTG TGT GTG TGG GGC GCT CTG TGT GTC TCA CAC ACT CTC TCG CGG GGC GCT CTG TGC GCA CAT ATG TGC GCT CTT TTA TAG AGT GTG TGC GCA CAC ACT CTC TCA CAC ACG CGC GCA CAG AGT	1
AAC ACA CAA AAA AAC ACC CCA CAA AAC ACC CCA CAA AAC ACT CTT TTT TTC TCG CGA GAT ATC TCT CTC TCT CTT TTG TGT GTA TAG AGA GAT ATC TCT CTG TGT GTT TTC TCT CTC TCT CTA TAA AAA AAC ACG CGA GAA AAC ACT CTT TTT TTA TAA AAA AAA AAT ATC TCT CTG TGT GTG TGT GTG TGG GGC GCT CTG TGT GTC TCA CAC ACT CTC TCG CGG GGC GCT CTG TGC GCA CAT ATG TGC GCT CTT TTA TAG AGT GTG TGC GCA CAC ACT CTC TCA CAC ACG CGC GCA CAG	1
ACA CAA AAA AAC ACC CCA CAA AAC ACC CCA CAA AAC ACT CTT TTT TTC TCG CGA GAT ATC TCT CTC TCT CTT TTG TGT GTA TAG AGA GAT ATC TCT CTG TGT GTT TTC TCT CTC TCT CTA TAA AAA AAC ACG CGA GAA AAC ACT CTT TTT TTA TAA AAA AAA AAT ATC TCT CTG TGT GTG TGT GTG TGG GGC GCT CTG TGT GTC TCA CAC ACT CTC TCG CGG GGC GCT CTG TGC GCA CAT ATG TGC GCT CTT TTA TAG AGT GTG TGC GCA CAC ACT CTC TCA CAC ACG CGC GCA CAG AGT	1
CAA AAA AAC ACC CCA CAA AAC ACC CCA CAA AAC ACT CTT TTT TTC TCG CGA GAT ATC TCT CTC TCT CTT TTG TGT GTA TAG AGA GAT ATC TCT CTG TGT GTT TTC TCT CTC TCT CTA TAA AAA AAC ACG CGA GAA AAC ACT CTT TTT TTA TAA AAA AAA AAT ATC TCT CTG TGT GTG TGT GTG TGG GGC GCT CTG TGT GTC TCA CAC ACT CTC TCG CGG GGC GCT CTG TGC GCA CAT ATG TGC GCT CTT TTA TAG AGT GTG TGC GCA CAC ACT CTC TCA CAC ACG CGC GCA CAG AGT GTA	1
ACA CAA AAA AAC ACC CCA CAA AAC ACC CCA CAA AAC ACT CTT TTT TTC TCG CGA GAT ATC TCT CTC TCT CTT TTG TGT GTA TAG AGA GAT ATC TCT CTG TGT GTT TTC TCT CTC TCT CTA TAA AAA AAC ACG CGA GAA AAC ACT CTT TTT TTA TAA AAA AAA AAT ATC TCT CTG TGT GTG TGT GTG TGG GGC GCT CTG TGT GTC TCA CAC ACT CTC TCG CGG GGC GCT CTG TGC GCA CAT ATG TGC GCT CTT TTA TAG AGT GTG TGC GCA CAC ACT CTC TCA CAC ACG CGC GCA CAG AGT	1
CAA AAA AAC ACC CCA CAA AAC ACC CCA CAA AAC ACT CTT TTT TTC TCG CGA GAT ATC TCT CTC TCT CTT TTG TGT GTA TAG AGA GAT ATC TCT CTG TGT GTT TTC TCT CTC TCT CTA TAA AAA AAC ACG CGA GAA AAC ACT CTT TTT TTA TAA AAA AAA AAT ATC TCT CTG TGT GTG TGT GTG TGG GGC GCT CTG TGT GTC TCA CAC ACT CTC TCG CGG GGC GCT CTG TGC GCA CAT ATG TGC GCT CTT TTA TAG AGT GTG TGC GCA CAC ACT CTC TCA CAC ACG CGC GCA CAG AGT GTA	1
CAA AAA AAC ACC CCA CAA AAC ACC CCA CAA AAC ACT CTT TTT TTC TCG CGA GAT ATC TCT CTC TCT CTT TTG TGT GTA TAG AGA GAT ATC TCT CTG TGT GTT TTC TCT CTC TCT CTA TAA AAA AAC ACG CGA GAA AAC ACT CTT TTT TTA TAA AAA AAA AAT ATC TCT CTG TGT GTG TGT GTG TGG GGC GCT CTG TGT GTC TCA CAC ACT CTC TCG CGG GGC GCT CTG TGC GCA CAT ATG TGC GCT CTT TTA TAG AGT GTG TGC GCA CAC ACT CTC TCA CAC ACG CGC GCA CAG AGT GTA	1
ACA CAA AAA AAC ACC CCA CAA AAC ACC CCA CAA AAC ACT CTT TTT TTC TCG CGA GAT ATC TCT CTC TCT CTT TTG TGT GTA TAG AGA GAT ATC TCT CTG TGT GTT TTC TCT CTC TCT CTA TAA AAA AAC ACG CGA GAA AAC ACT CTT TTT TTA TAA AAA AAA AAT ATC TCT CTG TGT GTG TGT GTG TGG GGC GCT CTG TGT GTC TCA CAC ACT CTC TCG CGG GGC GCT CTG TGC GCA CAT ATG TGC GCT CTT TTA TAG AGT GTG TGC GCA CAC ACT CTC TCA CAC ACG CGC GCA CAG AGT	1
ACA CAA AAA AAC ACC CCA CAA AAC ACC CCA CAA AAC ACT CTT TTT TTC TCG CGA GAT ATC TCT CTC TCT CTT TTG TGT GTA TAG AGA GAT ATC TCT CTG TGT GTT TTC TCT CTC TCT CTA TAA AAA AAC ACG CGA GAA AAC ACT CTT TTT TTA TAA AAA AAA AAT ATC TCT CTG TGT GTG TGT GTG TGG GGC GCT CTG TGT GTC TCA CAC ACT CTC TCG CGG GGC GCT CTG TGC GCA CAT ATG TGC GCT CTT TTA TAG AGT GTG TGC GCA CAC ACT CTC TCA CAC ACG CGC GCA CAG AGT	1
ACT CTT TTT TTC TCG CGA GAT ATC TCT CTC TCT CTT TTG TGT GTA TAG AGA GAT ATC TCT CTG TGT GTT TTC TCT CTC TCT CTA TAA AAA AAC ACG CGA GAA AAC ACT CTT TTT TTA TAA AAA AAA AAT ATC TCT CTG TGT GTG TGT GTG TGG GGC GCT CTG TGT GTC TCA CAC ACT CTC TCG CGG GGC GCT CTG TGC GCA CAT ATG TGC GCT CTT TTA TAG AGT GTG TGC GCA CAC ACT CTC TCA CAC ACG CGC GCA CAG AGT GTA TAT ATA TAA AAT ATT TTA TAA AAT ATA TAA AAC	1
AAC ACA CAA AAA AAC ACC CCA CAA AAC ACC CCA CAA AAC ACT CTT TTT TTC TCG CGA GAT ATC TCT CTC TCT CTT TTG TGT GTA TAG AGA GAT ATC TCT CTG TGT GTT TTC TCT CTC TCT CTA TAA AAA AAC ACG CGA GAA AAC ACT CTT TTT TTA TAA AAA AAA AAT ATC TCT CTG TGT GTG TGT GTG TGG GGC GCT CTG TGT GTC TCA CAC ACT CTC TCG CGG GGC GCT CTG TGC GCA CAT ATG TGC GCT CTT TTA TAG AGT GTG TGC GCA CAC ACT CTC TCA CAC ACG CGC GCA CAG	1
GGT GTA TAA AAC ACA CAA AAA AAC ACC CCA CAA AAC ACC CCA CAA AAC ACT CTT TTT TTC TCG CGA GAT ATC TCT CTC TCT CTT TTG TGT GTA TAG AGA GAT ATC TCT CTG TGT GTT TTC TCT CTC TCT CTA TAA AAA AAC ACG CGA GAA AAC ACT CTT TTT TTA TAA AAA AAA AAT ATC TCT CTG TGT GTG TGT GTG TGG GGC GCT CTG TGT GTC TCA CAC ACT CTC TCG CGG GGC GCT CTG TGC GCA CAT ATG TGC GCT CTT TTA TAG AGT GTG TGC GCA CAC ACT CTC TCA CAC ACG	1
ATA TAA AAC ACT CTA TAA AAT ATT TTA TAC ACT CTG TGT GTC TCG CGT GTT TTG TGA GAC ACA CAG AGG GGA GAC ACA CAC ACG CGA GAG AGT GTA TAA AAC ACT CTC TCG CGT GTC TCT CTA TAT ATC TCT CTT TTC TCT CTG TGC GCA CAG AGG GGC GCT CTG TGC GCT CTT TTA TAC ACG CGG GGT GTT TTT TTC TCG CGT GTC TCC CCG CGT GTT TTT TTT TTG TGC GCA CAG AGC GCC CCG CGA GAT ATC TCA CAT ATC TCA CAG AGC GCA CAC ACA CAT ATC TCT CTA TAG AGG	1
CTT TTT TTC TCG CGA GAT ATC TCT CTC TCT CTT TTG TGT GTA TAG AGA GAT ATC TCT CTG TGT GTT TTC TCT CTC TCT CTA TAA AAA AAC ACG CGA GAA AAC ACT CTT TTT TTA TAA AAA AAA AAT ATC TCT CTG TGT GTG TGT GTG TGG GGC GCT CTG TGT GTC TCA CAC ACT CTC TCG CGG GGC GCT CTG TGC GCA CAT ATG TGC GCT CTT TTA TAG AGT GTG TGC GCA CAC ACT CTC TCA CAC ACG CGC GCA CAG AGT GTA TAT ATA TAA AAT ATT TTA TAA AAT ATA TAA AAC ACT	1
CTT TTT TTC TCG CGA GAT ATC TCT CTC TCT CTT TTG TGT GTA TAG AGA GAT ATC TCT CTG TGT GTT TTC TCT CTC TCT CTA TAA AAA AAC ACG CGA GAA AAC ACT CTT TTT TTA TAA AAA AAA AAT ATC TCT CTG TGT GTG TGT GTG TGG GGC GCT CTG TGT GTC TCA CAC ACT CTC TCG CGG GGC GCT CTG TGC GCA CAT ATG TGC GCT CTT TTA TAG AGT GTG TGC GCA CAC ACT CTC TCA CAC ACG CGC GCA CAG AGT GTA TAT ATA TAA AAT ATT TTA TAA AAT ATA TAA AAC ACT	1
CTG TGC GCA CAT ATG TGC GCT CTT TTA TAG AGT GTG TGC GCA CAC ACT CTC TCA CAC ACG CGC GCA CAG AGT GTA TAT ATA TAA AAT ATT TTA TAA AAT ATA TAA AAC ACT CTA TAA AAT ATT TTA TAC ACT CTG TGT GTC TCG CGT GTT TTG TGA GAC ACA CAG AGG GGA GAC ACA CAC ACG CGA GAG AGT GTA TAA AAC ACT CTC TCG CGT GTC TCT CTA TAT ATC TCT CTT TTC TCT CTG TGC GCA CAG AGG GGC GCT CTG TGC GCT CTT TTA TAC ACG CGG GGT GTT TTT TTC TCG	1
ATA TAA AAC ACT CTA TAA AAT ATT TTA TAC ACT CTG TGT GTC TCG CGT GTT TTG TGA GAC ACA CAG AGG GGA GAC ACA CAC ACG CGA GAG AGT GTA TAA AAC ACT CTC TCG CGT GTC TCT CTA TAT ATC TCT CTT TTC TCT CTG TGC GCA CAG AGG GGC GCT CTG TGC GCT CTT TTA TAC ACG CGG GGT GTT TTT TTC TCG CGT GTC TCC CCG CGT GTT TTT TTT TTG TGC GCA CAG AGC GCC CCG CGA GAT ATC TCA CAT ATC TCA CAG AGC GCA CAC ACA CAT ATC TCT CTA TAG AGG	1
